idx,y_true,y_struct,y_hat,abs_y_hat
7201,-0.003567165,0.015940224356634,-0.00031115115,0.00031115115
3648,-0.021718086,0.2131440344845717,0.0009197742,0.0009197742
9198,-0.003224655,-0.7494616826118388,-0.0013705939,0.0013705939
5735,-0.005036419,-0.0893740644664258,0.002183184,0.002183184
1054,-0.029887079,-0.194978625153626,-0.0027000904,0.0027000904
10116,-0.005125264,0.1282523345219386,-0.00414072,0.00414072
8298,0.003141282,-0.053026914452064,-0.004164085,0.004164085
841,0.01330487,0.2157507176499811,0.0050510913,0.0050510913
4541,-0.007959602,0.5755989202830799,-0.0061822087,0.0061822087
7603,0.012602545,-0.242128910297067,-0.0062279254,0.0062279254
2247,-0.009648095,-0.4087421827216969,-0.008696377,0.008696377
7977,0.007469117,0.2243804988739591,0.008711293,0.008711293
9174,0.026842095,0.3583412555413243,0.0098837465,0.0098837465
560,-0.025931632,0.0610008250689238,-0.010034248,0.010034248
2324,-0.021205831,-0.0228846366487139,-0.010465592,0.010465592
884,-0.017959513,0.1866079338878934,-0.010708407,0.010708407
4714,0.020213432,0.0445969586168596,0.01153025,0.01153025
10815,0.018283325,-0.0834431633580481,0.012713596,0.012713596
5140,0.009033091,-0.1631971115850795,0.013847917,0.013847917
2859,-0.019218584,0.0390137052860073,-0.014534339,0.014534339
4630,0.004496137,-0.4589850670030275,0.015642956,0.015642956
4562,0.022138366,-0.2467614315776185,0.01686503,0.01686503
177,0.019411241,0.4554714641471951,0.01737319,0.01737319
3549,0.026770287,0.0160226133880611,0.018551677,0.018551677
9721,-0.007036885,0.0642826333717958,-0.019624174,0.019624174
5291,-0.014174138,0.1228322652191197,-0.019817278,0.019817278
9722,-0.007036875,0.0238865914592544,-0.020288788,0.020288788
8254,0.030428655,0.0649111865277395,0.020652458,0.020652458
3559,-0.01116796,-0.4009328690337472,-0.020772383,0.020772383
10031,0.022590755,0.3062807832702889,0.021745041,0.021745041
3505,0.032659919,-0.3790797453652302,0.023580298,0.023580298
5116,0.022315512,0.5243246958457571,0.02482967,0.02482967
1306,0.0293253,0.0377796472107384,0.026629254,0.026629254
5985,-0.029069377,-0.1998138366017601,-0.028128535,0.028128535
7310,-0.015547973,-0.1506239893334814,-0.028411612,0.028411612
10664,0.060778939,0.2640700695774664,0.028792366,0.028792366
5819,-0.031714188,-0.1112854501410606,-0.029562756,0.029562756
3867,0.026074492,0.5221596725476855,0.031383187,0.031383187
8003,0.040883677,0.2553031952553099,0.03547354,0.03547354
149,-0.029785173,0.0593102289699558,-0.035533316,0.035533316
3996,-0.040284957,-0.663628502956859,-0.03617367,0.03617367
1537,0.030186541,-0.1296237108985734,0.036222383,0.036222383
8187,-0.018318636,0.1713462582095551,-0.038378894,0.038378894
3205,-0.033616127,-0.2367146685375593,-0.038980797,0.038980797
8550,0.035507727,-0.3631945641670345,0.03976305,0.03976305
6470,-0.028888815,-0.0176163571992403,-0.03986989,0.03986989
2600,0.052733213,-0.5102325988125622,0.041242763,0.041242763
877,0.038993777,0.1061301624916695,0.041899294,0.041899294
1263,-0.035908822,-0.3121108999238098,-0.041944355,0.041944355
10340,0.054465115,-0.0807569681908254,0.042352185,0.042352185
9203,-0.041183795,-0.1260115932888105,-0.043737724,0.043737724
9202,-0.041183805,-0.1883674752079958,-0.04455036,0.04455036
5274,-0.063308373,-0.1862487461380599,-0.044741273,0.044741273
10641,0.052322049,-0.1278299416241889,0.04511939,0.04511939
7938,0.052129122,0.500766595572887,0.045819327,0.045819327
4869,-0.026496269,-0.1831357400059977,-0.04583028,0.04583028
4778,-0.044409795,-0.3729909506528414,-0.046642482,0.046642482
1181,0.05691846,0.4745191459033798,0.048660055,0.048660055
5310,-0.047025897,-0.1287489019811061,-0.048733145,0.048733145
7018,-0.068317205,0.3188210174129049,-0.050323218,0.050323218
3958,0.052989,0.3880391326589862,0.051289707,0.051289707
7660,-0.046920455,0.3647609399823974,-0.053334147,0.053334147
8275,-0.042826637,0.0705872411283649,-0.05588363,0.05588363
7247,-0.069459098,-0.0649507729138709,-0.057310186,0.057310186
8108,0.065121334,0.3971536895872986,0.058852956,0.058852956
7437,0.070354855,0.0529656550995092,0.059307843,0.059307843
390,-0.0464116,-0.3159360014045074,-0.059819505,0.059819505
8019,0.059911984,0.3532662533962994,0.060238734,0.060238734
3597,-0.070646331,0.2314936699419478,-0.06071627,0.06071627
6233,0.053584795,-0.6927618222686993,0.061440036,0.061440036
898,-0.064750576,0.297202113952507,-0.0616799,0.0616799
5774,0.058345153,0.1507481236652022,0.0621814,0.0621814
1084,0.070075844,0.184656479669466,0.06257565,0.06257565
4975,-0.039567937,-0.451718384469598,-0.06314152,0.06314152
5620,-0.067012931,-0.1631284488310383,-0.06324758,0.06324758
3531,-0.063022381,0.4942883220613197,-0.06352393,0.06352393
1093,-0.045862202,-0.0302784362578101,-0.06577287,0.06577287
1225,-0.069689579,-0.1086357889200278,-0.06637369,0.06637369
2322,0.074852122,0.2121839818455657,0.06643504,0.06643504
7712,-0.040784084,-0.1149848731689254,0.066561684,0.066561684
3556,0.082459065,0.274621945522432,0.06664613,0.06664613
8464,0.072522828,0.3691054660497524,0.06673609,0.06673609
4166,0.049362267,-0.0398505567729319,0.067608476,0.067608476
7471,-0.064537375,-0.1563237044594776,-0.067651816,0.067651816
9353,-0.071490395,-0.0210212326448916,-0.067666724,0.067666724
3491,-0.055891638,-0.1199286718051314,-0.06883159,0.06883159
5643,0.072061867,0.4798187152492075,0.06932321,0.06932321
4594,0.078981178,0.0765472175164749,0.07020275,0.07020275
8046,-0.052142726,-0.2409089278542087,-0.07158844,0.07158844
8059,-0.059798921,-0.3572570333313896,-0.0733819,0.0733819
5125,0.087498069,-0.1175922156859163,0.07362221,0.07362221
8306,-0.07008115,-0.4973314300562797,-0.077360876,0.077360876
8494,-0.05489747,-0.3511543587280984,-0.07843899,0.07843899
5019,-0.073112771,0.0463314085367611,-0.07879616,0.07879616
338,-0.065496168,0.0583832682826873,-0.07929526,0.07929526
8280,-0.060301923,-0.1553057867802748,-0.07950611,0.07950611
8189,0.098625216,0.3825983170720159,0.07995358,0.07995358
1848,0.085222109,0.376059269158021,0.08187923,0.08187923
7806,-0.067643626,0.0607451619657905,-0.08234008,0.08234008
7971,0.099372101,0.29277904198527,0.0836819,0.0836819
8017,-0.085140475,-0.3072101507646125,-0.08425804,0.08425804
8126,0.103870279,0.3675745253671022,0.08437848,0.08437848
142,-0.079557243,-0.5618022133683682,-0.08475919,0.08475919
1739,-0.09038751,0.4227965017745775,-0.085429505,0.085429505
3728,0.10430967,-0.2555995885095924,0.086638734,0.086638734
7812,-0.071703496,-0.0251568931403931,-0.08678527,0.08678527
3591,-0.089948318,0.0912879488765553,-0.08687259,0.08687259
1327,-0.081358636,-0.1245849027164846,-0.089098826,0.089098826
799,-0.073824212,-0.0648973701512764,-0.089177966,0.089177966
7818,0.087292355,-0.0473163497858452,0.0898577,0.0898577
2763,-0.082673082,-0.2721464007495994,-0.091838196,0.091838196
5776,-0.097838803,0.0377815484779013,-0.09350426,0.09350426
7326,0.111684368,0.4651602222644007,0.09384142,0.09384142
7543,0.085802803,0.4905433345340288,0.09453215,0.09453215
3913,0.106501955,-0.1469804765780489,0.09642759,0.09642759
3127,-0.085799806,0.3096908914558007,-0.09788407,0.09788407
2033,-0.095387175,0.056253872749988,-0.09888492,0.09888492
8250,-0.094716569,-0.2175187415655873,-0.09914405,0.09914405
5492,-0.091539639,-0.205167589980928,-0.099205494,0.099205494
9310,0.114835855,0.6918899012810363,0.101003975,0.101003975
1238,0.111258641,0.2819535647555826,0.101282924,0.101282924
4790,-0.07782102,-0.1575023880858315,-0.10178657,0.10178657
9639,0.131907375,0.0596900838032847,0.10180138,0.10180138
5633,-0.100217214,-0.010681669805568,-0.10378265,0.10378265
10347,0.120649698,0.5401948959207964,0.103786916,0.103786916
1285,0.102663109,-0.2967067770673334,0.10402109,0.10402109
6068,0.117703657,0.3778598808483216,0.10478854,0.10478854
870,-0.105997592,-0.1590817602482148,-0.105878,0.105878
2031,-0.094445775,-0.3865096349113406,-0.1069781,0.1069781
2786,-0.119253073,-0.3502518928592372,-0.10740325,0.10740325
5696,0.125143522,0.005173524967205,0.108247,0.108247
4896,-0.101271383,-0.60782293942055,-0.108568184,0.108568184
6535,-0.11529096,0.1307985523526894,-0.10868403,0.10868403
3633,0.112839486,0.3360951990945103,0.109249935,0.109249935
1129,-0.099765641,-0.0011369179089558,-0.10943694,0.10943694
8018,-0.123334645,0.5129634247535327,-0.11022681,0.11022681
7595,-0.109113432,-0.3073637027430437,-0.11081324,0.11081324
668,0.10866594,-0.6866250025179036,0.111570135,0.111570135
10541,0.132502024,0.1877378434984508,0.112322226,0.112322226
2235,-0.095972115,0.1232571207199573,-0.1126363,0.1126363
4425,-0.082279197,-0.4221146823803234,-0.11317638,0.11317638
5439,-0.118830209,-0.1368414715065693,-0.11405462,0.11405462
8064,-0.099984012,-0.3644141235680986,-0.11421257,0.11421257
5846,0.116625542,0.9948065697419988,0.11576374,0.11576374
5928,-0.110769516,0.2435274555917015,-0.11631261,0.11631261
200,0.1344324,0.2417686081044849,0.11663596,0.11663596
4816,-0.12446174,0.2716624629351502,-0.11694254,0.11694254
1115,-0.11948369,-0.0099953892601323,-0.11729339,0.11729339
9845,-0.098909027,-0.1704906865143882,-0.117512904,0.117512904
4773,-0.124256294,-0.1184419226905924,-0.11784669,0.11784669
6171,-0.117496935,-0.0777477919513063,-0.11809072,0.11809072
3489,-0.119966148,-0.5992458988786296,-0.118478425,0.118478425
6001,-0.110270405,-0.299549655121337,-0.1200035,0.1200035
4721,-0.123118042,0.0322803909174355,-0.12107781,0.12107781
5418,-0.124576709,-0.2956709293359398,-0.121801466,0.121801466
293,-0.139101737,0.1157788921063073,-0.12236488,0.12236488
5582,0.132793322,0.6258557747361587,0.1248744,0.1248744
2483,-0.151587545,-0.3815845213350043,-0.124921605,0.124921605
8378,0.135846167,0.3787434260444723,0.12542348,0.12542348
2095,0.125528427,0.102799141039362,0.12730666,0.12730666
5489,-0.12718179,-0.2425188536931274,-0.12755129,0.12755129
3479,-0.127125463,0.288779356178853,-0.12761804,0.12761804
5597,-0.125443119,-0.2084446505157436,-0.12806031,0.12806031
2841,0.156714577,-0.2982781878262373,0.12894543,0.12894543
5701,-0.131084855,-0.1962324971410569,-0.12899856,0.12899856
5740,-0.141461236,-0.0399540034192121,-0.12976597,0.12976597
803,-0.12923176,-0.2679143466115127,-0.1299334,0.1299334
7407,-0.132400667,0.0774386070687106,-0.13146634,0.13146634
79,-0.119764103,-0.7160347773802678,-0.1325492,0.1325492
6671,-0.117437885,-0.317145924468064,-0.13263504,0.13263504
7852,-0.126063266,-0.0179954548767713,-0.13379721,0.13379721
8026,-0.128387527,-0.4709700727483935,-0.13408908,0.13408908
5434,-0.132321068,0.0740588236154284,-0.13452764,0.13452764
3519,0.156397701,-0.5086479508062194,0.13503967,0.13503967
1955,-0.147063065,0.2652683629512452,-0.13591807,0.13591807
6664,-0.117593785,-0.3335906449665817,-0.13593026,0.13593026
9343,-0.131935805,0.0015546896128527,-0.14193153,0.14193153
5299,0.16393471,0.2475746537156382,0.14285423,0.14285423
1697,0.151796256,-0.0515272351574554,0.14316513,0.14316513
4910,0.15322567,-0.0022501216583607,0.1442944,0.1442944
8152,-0.129300365,-0.2806271699891508,-0.14474924,0.14474924
7518,0.178227905,-0.5354709072259672,0.14592294,0.14592294
3534,-0.150316773,0.4784362775427476,-0.14683565,0.14683565
7749,-0.153773571,0.2638026953039756,-0.14705819,0.14705819
3649,-0.122201971,-0.2515396418725297,-0.14742026,0.14742026
2577,-0.151221824,0.1478358080397424,-0.14826886,0.14826886
4642,-0.149823975,-0.2175208892136755,-0.14839104,0.14839104
5899,0.144209042,0.4717506437223936,0.1486424,0.1486424
4521,0.15388473,0.4761846314310731,0.14931302,0.14931302
5625,-0.143658011,-0.172915626123687,-0.14935985,0.14935985
4804,0.163732938,0.0849089136940488,0.15023921,0.15023921
8452,-0.138349342,-0.4040634819399069,-0.15071042,0.15071042
8180,-0.144444692,-1.116898839598736,-0.15080996,0.15080996
1508,0.180831075,0.2073531408875542,0.15115671,0.15115671
1967,-0.145014135,-0.1903961200960535,-0.15169182,0.15169182
7587,0.161877393,0.4072718563361584,0.1535856,0.1535856
9979,0.181162509,-0.3468251556447751,0.15416344,0.15416344
8066,-0.167830564,0.1814929581605811,-0.15459616,0.15459616
416,-0.155723131,0.3096224616567569,-0.15465002,0.15465002
5009,-0.138094508,-0.1805533992013542,-0.15493964,0.15493964
