true,predicted
-0.10485893487930298,-0.48620709776878357
-0.932321310043335,-0.5678302049636841
-0.6540619134902954,-0.3500445485115051
-1.1763263940811157,-0.5563719272613525
-0.08904775977134705,0.29020383954048157
-0.8541176915168762,-0.36244916915893555
-0.8908135890960693,-0.34497493505477905
-0.11469069868326187,-0.3487090468406677
-0.39290258288383484,-0.4954233169555664
-0.5693413019180298,-0.5914707183837891
-0.2352118045091629,-0.4113825559616089
0.08356044441461563,0.07910630106925964
0.07940281927585602,0.18903160095214844
-0.037027765065431595,-0.5062246322631836
0.05080270394682884,0.19807997345924377
0.026807567104697227,0.5336837768554688
-1.1273839473724365,-0.49046310782432556
-0.42750635743141174,0.35985589027404785
-0.6891151666641235,-0.3863721191883087
0.0591881163418293,-0.5763661861419678
-1.0163263082504272,-0.5319297909736633
-0.3567759394645691,-0.3040231764316559
-0.7498964667320251,-0.5656675100326538
-0.26171690225601196,-0.20216746628284454
-1.069891095161438,-0.5210574865341187
0.48043128848075867,0.34300893545150757
-0.6602973341941833,-0.32795098423957825
-0.6630803346633911,-0.5025969743728638
0.4634200632572174,0.4788569211959839
0.02394969016313553,0.07551684975624084
0.16863547265529633,0.3475061058998108
-0.08274029195308685,-0.2753666937351227
-0.3769438564777374,-0.12271931022405624
-1.602611780166626,-0.33212539553642273
-0.7342043519020081,-0.5749772787094116
1.0171629190444946,0.5129580497741699
0.5550236105918884,-0.7721381783485413
-0.7919557690620422,-0.6095871329307556
-0.3144916296005249,0.39266055822372437
0.6396469473838806,-0.5437806248664856
-0.2469886690378189,-0.6213254928588867
1.2477267980575562,0.5231313705444336
-0.7743505239486694,-0.211032435297966
0.22247061133384705,0.4478303790092468
0.17567260563373566,-0.5204319953918457
-0.977770984172821,-0.5516002178192139
0.492259681224823,0.15679556131362915
0.33800986409187317,0.3373417854309082
0.008403010666370392,-0.1885717660188675
-0.47071096301078796,-0.36785924434661865
-0.06283067911863327,0.5008611679077148
-0.3434046804904938,-0.37147581577301025
0.4369579553604126,-0.07000510394573212
-0.5190758109092712,-0.37188810110092163
0.2717322111129761,-0.39047980308532715
-0.2021671086549759,-0.3456279933452606
-1.8127853870391846,-0.33300942182540894
-0.6626992225646973,-0.2874017655849457
-0.38723310828208923,-0.4006265699863434
-0.37695005536079407,0.6186898946762085
-0.04217483475804329,-0.2731660008430481
0.7620229721069336,0.6209535598754883
-1.0451444387435913,-0.5232418775558472
0.9081010222434998,0.6332371830940247
-0.6281077265739441,-0.33511075377464294
0.014865035191178322,0.11973899602890015
-0.1961359828710556,0.554367184638977
-0.9640035629272461,-0.5196881890296936
0.7589649558067322,0.5984413027763367
0.08749086409807205,0.19808658957481384
-0.6334468126296997,-0.424446702003479
-0.815024197101593,-0.3837664723396301
0.04832428693771362,-0.4243567883968353
-0.33924487233161926,-0.29517999291419983
-0.8566759824752808,-0.5024423599243164
-0.5746296048164368,-0.5252315998077393
-0.9485145807266235,-0.5906165838241577
-0.00964809488505125,-0.2901087999343872
0.5649068355560303,0.5532978177070618
-0.8987178802490234,-0.5258689522743225
0.25168830156326294,0.2887692153453827
-0.05375091731548309,0.17481544613838196
-0.9540719389915466,-0.5703338980674744
0.5648010969161987,-0.4432997703552246
0.21489673852920532,0.27203381061553955
-0.7261526584625244,0.2164933681488037
0.2783206105232239,-0.16455690562725067
-0.17163321375846863,0.06798550486564636
0.6536440849304199,-0.426755428314209
0.3046315908432007,-0.6131725907325745
-0.5932589173316956,-0.4720952808856964
0.29425927996635437,0.3527487516403198
-0.29194822907447815,-0.25650638341903687
0.05834515392780304,-0.21295630931854248
1.3049594163894653,-0.21816760301589966
-0.6718490719795227,-0.6282960176467896
-0.6222370266914368,-0.4429483115673065
0.6316163539886475,0.5144817233085632
-1.779393196105957,-0.6247445344924927
-1.062158226966858,-0.5154807567596436
-0.5179895162582397,-0.16178569197654724
-0.6323816180229187,-0.5176976919174194
-0.5240675806999207,-0.019820615649223328
-0.059067726135253906,-0.5647214651107788
-0.6341484189033508,-0.5187214016914368
0.4597029983997345,0.4339384436607361
-0.3251447379589081,-0.3518919348716736
-0.8138663172721863,-0.6335896849632263
-1.5667915344238281,-0.3190649151802063
-0.08206898719072342,-0.267341673374176
-1.1086037158966064,-0.3385497033596039
1.225568175315857,0.17447081208229065
-0.849589467048645,-0.25500112771987915
-0.6044098734855652,-0.4900086522102356
1.0224648714065552,0.47985053062438965
0.5055986642837524,0.36918145418167114
-0.314988374710083,0.5871836543083191
0.7345117330551147,0.5819060802459717
-0.46255990862846375,-0.48097795248031616
-0.7617055177688599,-0.511863112449646
-0.4808434545993805,-0.3603333830833435
-0.02882702462375164,-0.40455690026283264
0.309801310300827,-0.4332362115383148
-0.23150962591171265,-0.4154345691204071
0.5449173450469971,0.2884008586406708
-0.31240615248680115,-0.4256804287433624
1.3176312446594238,0.5072058439254761
0.4025973081588745,0.44430238008499146
-0.3260548412799835,-0.3942629396915436
-0.641831636428833,-0.5156329274177551
0.2141885608434677,-0.23583459854125977
0.6323608756065369,0.3907155990600586
-0.4415203630924225,-0.5007254481315613
0.3536892235279083,0.2807215452194214
0.5333832502365112,-0.5906175374984741
-1.168283224105835,-0.3525107204914093
0.5298102498054504,0.4596264958381653
-0.7690609097480774,-0.5704092979431152
-0.015828795731067657,0.2805013954639435
-0.7999556064605713,-0.8864622712135315
-0.10441838204860687,-0.3907316327095032
-0.21056517958641052,-0.6171962022781372
-0.36435091495513916,-0.43617767095565796
-0.25924229621887207,-0.3434709906578064
-0.5965594053268433,-0.5274111032485962
1.0288589000701904,-0.018664062023162842
0.21356052160263062,0.3338640332221985
-0.33692944049835205,-0.2570766508579254
-0.7973660826683044,-0.5615575313568115
0.8213980793952942,0.48312318325042725
-0.5594789981842041,-0.48139509558677673
-0.2961093485355377,-0.32002371549606323
-0.009530515410006046,0.16718453168869019
-0.7445868849754333,-0.5280184745788574
-0.8630944490432739,-0.6441088318824768
-0.4666840732097626,-0.09443797916173935
-0.7072975635528564,-0.35153961181640625
0.46650299429893494,0.49185389280319214
0.7983508706092834,0.6379652619361877
-0.7628402709960938,-0.36126357316970825
0.5013426542282104,0.48870497941970825
1.034315586090088,0.43257302045822144
1.0009287595748901,0.6306943893432617
-0.7123003602027893,-0.5638383626937866
-0.07609295845031738,0.564523458480835
-0.5498511791229248,-0.5113232135772705
0.11552360653877258,-0.5298686027526855
-0.7999377250671387,-0.8841082453727722
-0.5924120545387268,-0.14072971045970917
-0.6753489971160889,-0.407736212015152
0.4047161340713501,-0.07122847437858582
0.7745712399482727,0.643460750579834
0.25419187545776367,0.26193076372146606
0.5993133187294006,0.5797190070152283
-0.4022102355957031,-0.34789711236953735
0.11930956691503525,-0.01423412561416626
0.826320230960846,0.5448441505432129
-0.31396594643592834,-0.03885093331336975
-0.6359529495239258,-0.5839248895645142
-0.2845146358013153,-0.28375884890556335
1.2431392669677734,0.6171528100967407
0.7538362741470337,0.6329395174980164
-0.8290498852729797,-0.5225799083709717
-0.48099958896636963,-0.5702189207077026
-0.4416690468788147,0.02056148648262024
0.6884741187095642,0.6079972386360168
-0.7600805759429932,-0.2653607726097107
-0.9247340559959412,-0.497501939535141
-0.33269643783569336,0.055080801248550415
0.3329012095928192,0.23309481143951416
-1.014872431755066,-0.19715294241905212
0.3566933274269104,-0.23978787660598755
-0.5605906844139099,-0.3612757623195648
0.8430052995681763,-0.287192165851593
0.3956279456615448,0.5331115126609802
-0.18044957518577576,-0.10630139708518982
0.8565635085105896,-0.34534648060798645
-1.105807900428772,-0.4502432942390442
-0.7411807775497437,-0.47775357961654663
0.39769819378852844,0.41498512029647827
0.1416778415441513,0.11033374071121216
-0.8721421360969543,-0.524480938911438
-0.6985365152359009,-0.5419424772262573
0.5978140830993652,0.5573291778564453
-1.0147747993469238,-0.1960868537425995
-0.2473694384098053,-0.4304450750350952
-0.8328944444656372,-0.5567784309387207
-0.9570856094360352,-0.5904760360717773
-0.9052616953849792,-0.35695990920066833
0.056905534118413925,-0.08460206538438797
-0.4098113179206848,-0.4184744954109192
-0.9002350568771362,-0.5230589509010315
-1.8507851362228394,-0.3290126323699951
-0.45530712604522705,0.221327543258667
-0.7594767808914185,-0.5756170749664307
0.4237203001976013,-0.003734499216079712
-0.5357750058174133,-0.5155196189880371
0.3449052572250366,-0.37141692638397217
-0.5684704184532166,-0.531852126121521
-1.1997319459915161,-0.5217750072479248
-0.6718490719795227,-0.6270663738250732
1.177973985671997,0.6324763298034668
0.005047304090112448,-0.26434481143951416
0.5907769799232483,0.5639030337333679
0.16051356494426727,0.2937711179256439
-0.09667714685201645,0.5596553087234497
-1.0177000761032104,-0.5056003928184509
-0.8056082725524902,-0.28457745909690857
0.5212371945381165,0.6144723892211914
-0.05665117874741554,-0.7207735180854797
0.8748961687088013,0.49960774183273315
-0.5006181597709656,-0.49631267786026
-0.5268832445144653,-0.3708914518356323
0.5073935389518738,0.5443947911262512
-0.13684237003326416,-0.2652776539325714
-1.0652673244476318,-0.4961097836494446
0.4887998700141907,0.5109814405441284
0.8547211289405823,0.6298336982727051
-0.0016479210462421179,-0.10511830449104309
-0.1218094453215599,0.5599713325500488
0.7322591543197632,0.3892934322357178
-1.0190086364746094,-0.6389676332473755
-0.32252320647239685,-0.4284963011741638
-0.1769813448190689,0.04942181706428528
-0.21520014107227325,-0.4602614641189575
0.6530787944793701,-0.32373571395874023
-1.0397557020187378,-0.5066657662391663
0.9691040515899658,0.42380326986312866
-0.4251898527145386,0.6152295470237732
-0.6999990940093994,0.4574083089828491
-0.12623904645442963,0.22435075044631958
-0.8571717739105225,-0.5487047433853149
-0.12220197170972824,0.1059114933013916
-0.49993953108787537,-0.42074573040008545
-0.5593578815460205,-0.4645576775074005
-0.7391535639762878,-0.3877362012863159
-0.7623295187950134,-0.5484409332275391
-0.9457075595855713,-0.5653095841407776
-0.6416395306587219,-0.20368839800357819
-0.05737309530377388,-0.04666641354560852
-0.6836473941802979,-0.54039067029953
-0.8246279358863831,-0.5184163451194763
-0.2582207918167114,-0.08251248300075531
-0.5850383639335632,-0.4877094626426697
1.8887336254119873,-0.2455141693353653
0.31012651324272156,-0.7010806202888489
0.03517642617225647,0.34870320558547974
-1.6807202100753784,-0.47818440198898315
-0.347086101770401,-0.3826484680175781
-0.4816931486129761,-0.36993154883384705
0.18032562732696533,0.4064868688583374
-0.041342392563819885,-0.2792206406593323
-0.6716289520263672,-0.4744323194026947
-0.8125507235527039,-0.5631401538848877
-0.9457704424858093,-0.5172412395477295
0.13035164773464203,-0.5151499509811401
0.8906586766242981,0.574032723903656
-1.1571348905563354,-0.3893392086029053
1.2373226881027222,-0.058523520827293396
-0.678575873374939,-0.5528445243835449
0.052129123359918594,0.2133103609085083
-0.22145889699459076,-0.0503288209438324
-0.24743570387363434,-0.16005828976631165
-0.05324624478816986,-0.3063523471355438
-0.7529500126838684,-0.5458371639251709
-0.33912935853004456,-0.20214657485485077
0.10274610668420792,-0.3760146498680115
-1.0530670881271362,-0.30529722571372986
-1.1677885055541992,-0.35038602352142334
-0.8257743716239929,-0.5619566440582275
-1.8509107828140259,-0.33890944719314575
-1.0417630672454834,-0.4902242422103882
-0.5852746963500977,-0.40261560678482056
0.19745540618896484,0.24581339955329895
-0.20927554368972778,-0.49193426966667175
0.20638583600521088,0.16456645727157593
0.7894895672798157,0.5714056491851807
0.9014009237289429,0.6161417365074158
-0.6335933804512024,-0.43771395087242126
0.4612862765789032,0.458984911441803
-0.6100445985794067,-0.3195890486240387
-0.8051071763038635,-0.5616837739944458
-0.8368549942970276,-0.6456170082092285
-1.200640320777893,-0.5729804039001465
-0.29482507705688477,-0.5208352208137512
-0.47190579771995544,0.23720237612724304
0.7375309467315674,0.2865482270717621
0.24206839501857758,-0.3211309313774109
-0.14982397854328156,-0.3370150923728943
0.5401982069015503,0.6405844688415527
-0.7481536269187927,-0.49306806921958923
0.11569232493638992,0.13931390643119812
-0.3417181074619293,-0.4848942458629608
1.0039666891098022,0.28795289993286133
-0.6343869566917419,-0.5875803232192993
-0.7564311027526855,-0.6736082434654236
-0.6642183065414429,-0.3383274972438812
-0.15357941389083862,0.27069327235221863
1.2346738576889038,-0.3047976493835449
0.45021355152130127,-0.3554290533065796
-1.0585296154022217,-0.24052201211452484
0.10780922323465347,-0.282645046710968
-0.7828214168548584,-0.5746054649353027
-0.4258483648300171,0.46047085523605347
-0.8366858959197998,-0.6457158327102661
-0.45847752690315247,-0.15444807708263397
-0.5389893651008606,0.036808669567108154
-0.6552354097366333,-0.5434827208518982
0.9355091452598572,0.6443120241165161
-0.34821170568466187,-0.31405097246170044
-0.9623208045959473,-0.498026579618454
-0.5886070132255554,-0.4499697685241699
0.4647027552127838,-0.5740482211112976
1.5291354656219482,-0.18951913714408875
0.28427502512931824,0.07070252299308777
-0.7387769818305969,-0.5576724410057068
0.03308101370930672,-0.2465667724609375
-1.2767956256866455,-0.3577905297279358
0.6895994544029236,0.560542643070221
0.1853659301996231,-0.025288090109825134
0.5229415893554688,0.4313141107559204
-0.17356114089488983,-0.006085485219955444
-0.6535091400146484,-0.4619011878967285
-0.48459285497665405,-0.4560052752494812
0.12310301512479782,0.1974881887435913
-0.724491536617279,-0.530803382396698
-1.612118124961853,-0.6286954283714294
-0.4591127634048462,-0.6191001534461975
-0.2809350788593292,-0.44284433126449585
-1.20833158493042,-0.312431663274765
-0.058908089995384216,-0.8930028676986694
-1.0598673820495605,-0.4841158390045166
0.1176484152674675,-0.392056405544281
-0.523769736289978,-0.37072283029556274
-0.35685643553733826,-0.8249521255493164
-0.2393188178539276,-0.2919658422470093
0.405215322971344,0.44716352224349976
-1.1010044813156128,-0.510920524597168
-0.3194085359573364,-0.6199781894683838
-0.3157901465892792,-0.49579787254333496
-0.18378731608390808,-0.3876146078109741
-0.21784958243370056,0.4262007474899292
-0.17673780024051666,-0.1362203061580658
-0.6750926375389099,-0.27540123462677
-0.24239900708198547,-0.09354173392057419
-1.0149178504943848,-0.21819838881492615
-0.46756258606910706,-0.4445037245750427
0.11057332158088684,-0.05277170240879059
0.9979310035705566,-0.3090788424015045
0.3065189719200134,-0.3026825785636902
-0.4339527189731598,-0.5114215612411499
-0.1091134324669838,0.09579375386238098
-0.545381486415863,-0.3992424011230469
-0.4719134569168091,-0.5141221284866333
0.5287924408912659,0.43818843364715576
-0.90043705701828,-0.2941098213195801
0.5590407252311707,0.5734395384788513
0.6831207275390625,-0.8329343795776367
-0.7067352533340454,-0.4720773696899414
0.9119337201118469,0.41062670946121216
-0.20255909860134125,-0.038710713386535645
-0.17742447555065155,0.1759970784187317
-0.014552104286849499,0.24114426970481873
-0.45646974444389343,-0.3974827826023102
-0.9438278675079346,-0.33051782846450806
0.7856857180595398,0.5867726802825928
0.8571017384529114,0.6459025740623474
0.330013632774353,0.22797134518623352
-0.6678717136383057,-0.5638906955718994
0.513676643371582,0.42476677894592285
0.44339901208877563,0.18611767888069153
-0.18050657212734222,-0.3091912269592285
-0.34716135263442993,-0.2310008853673935
-0.2374628633260727,-0.021776214241981506
0.10641726851463318,-0.04805772006511688
-0.463439404964447,-0.16896705329418182
-0.2238651067018509,-0.2917596697807312
1.285541296005249,0.4100841283798218
0.37812748551368713,0.11406025290489197
-0.3316010534763336,-0.13871118426322937
0.7211183905601501,0.16623303294181824
-0.32164904475212097,-0.3297033905982971
-0.652046799659729,-0.3028638958930969
-0.23875389993190765,0.21467718482017517
0.5658578872680664,0.5276612043380737
-0.4242755174636841,-0.3939463496208191
-0.3954147398471832,-0.22703255712985992
0.5345272421836853,-0.15475861728191376
-0.925412118434906,-0.5741991400718689
0.9040669798851013,-0.21213354170322418
-0.22056853771209717,-0.04176110029220581
-0.6814451813697815,-0.4933609366416931
1.287590503692627,-0.5752604007720947
1.8982409238815308,-0.040421262383461
-0.8153903484344482,-0.6323298215866089
0.4126587212085724,0.45679330825805664
-0.24139735102653503,0.5552244186401367
-0.4822370111942291,-0.5103049278259277
-0.88393634557724,-0.5585966110229492
-0.09968850016593933,0.4650551676750183
-0.14940927922725677,0.046494871377944946
0.5318102836608887,0.5644845962524414
-0.4454118609428406,0.03616413474082947
0.12143868952989578,-0.4171363115310669
0.10126471519470215,-0.2299560308456421
0.3883400559425354,0.3427655100822449
1.1477874517440796,0.47371041774749756
-1.082361102104187,-0.4693513512611389
-0.23532350361347198,-0.24692682921886444
-0.9366408586502075,-0.5264014005661011
-0.5921304821968079,-0.3991853594779968
-1.2804110050201416,-0.5821107625961304
0.9373754262924194,0.4160469174385071
-0.8895755410194397,-0.5754718780517578
1.5976516008377075,0.5789860486984253
0.2090880572795868,0.5561206340789795
-0.09520610421895981,-0.27288320660591125
0.14070570468902588,-0.3590635657310486
-0.37610962986946106,-0.4969465434551239
0.3166086673736572,-0.1631891131401062
1.081703543663025,0.6113422513008118
-0.7492430806159973,-0.5669034123420715
0.6196447014808655,0.6252528429031372
-0.7109313607215881,-0.21207159757614136
-1.6021469831466675,-0.5865380764007568
-0.6373724341392517,-0.5838741064071655
-0.684825599193573,-0.3631969690322876
-0.1313948780298233,-0.6524787545204163
0.8265739679336548,0.4249495267868042
-1.1152760982513428,-0.47482773661613464
-0.5373318791389465,-0.3884314298629761
-0.704627513885498,-0.4013076424598694
-0.8215346932411194,-0.49406877160072327
-0.3324485719203949,-0.6889971494674683
-1.309386134147644,-0.33129990100860596
-0.7800967693328857,-0.5398138761520386
0.6547904014587402,0.5839707851409912
0.7753565311431885,-0.14859245717525482
-0.9144850373268127,-0.5516999959945679
-1.055591106414795,-0.5463610291481018
-0.05589163675904274,-0.2251349538564682
0.3932868242263794,0.27106326818466187
0.5748023986816406,0.37571775913238525
-0.8073031306266785,-0.8936322331428528
1.683117389678955,0.6067579388618469
-0.6930214166641235,-0.3460583984851837
0.6363883018493652,0.08404481410980225
1.3997139930725098,-0.23615466058254242
-0.8139773011207581,-0.6319576501846313
-0.49441424012184143,-0.46507710218429565
-0.7369463443756104,-0.22882914543151855
-0.09576339274644852,-0.34051012992858887
-0.21977199614048004,-0.37957528233528137
-0.6356749534606934,-0.5286644697189331
-1.128855586051941,-0.567421019077301
-0.7173125147819519,-0.4535607099533081
-0.8508661985397339,-0.6872126460075378
0.4228166937828064,-0.061335489153862
-0.22136719524860382,-0.3699849247932434
0.16393470764160156,-0.15593253076076508
1.2153469324111938,0.43748950958251953
-0.8675130605697632,-0.5792887210845947
-0.6841004490852356,-0.5017342567443848
-0.6402336359024048,-0.494308203458786
0.11122994124889374,0.06902998685836792
-1.043929100036621,-0.41055214405059814
-0.8975560665130615,-0.51990807056427
0.6186881065368652,0.5673693418502808
0.32726460695266724,0.22792011499404907
-1.0463829040527344,-0.5385853052139282
0.10297643393278122,-0.2833487391471863
0.555249810218811,0.6023905277252197
-0.8945412039756775,-0.434101939201355
0.30904296040534973,-0.4518829584121704
1.3509743213653564,-0.3139041066169739
1.481918454170227,-0.4092312753200531
-0.09933856129646301,-0.21432524919509888
0.9203624725341797,0.5148763060569763
-0.2193777710199356,-0.3570712208747864
-0.27180078625679016,-0.44602033495903015
-0.30524682998657227,-0.14594466984272003
0.817871630191803,0.5075705051422119
0.9960691928863525,0.43292635679244995
-1.4097639322280884,-0.6438440084457397
-0.5847152471542358,-0.4543418884277344
-1.1450656652450562,-0.4678637683391571
-0.9652590751647949,-0.5609241724014282
-1.4611692428588867,-0.8897489905357361
-0.33930882811546326,-0.4196692109107971
-0.30530697107315063,-0.46225661039352417
-1.280983328819275,-0.24168363213539124
-0.8501132726669312,-0.5091276168823242
-0.11925307661294937,0.30070483684539795
1.1579947471618652,0.4481768012046814
-0.15269124507904053,-0.25901034474372864
-0.5171982049942017,-0.5111527442932129
-0.40125513076782227,-0.4169193506240845
-0.4110872745513916,-0.5059857368469238
-0.454714298248291,-0.5387120246887207
-0.4410148859024048,-0.2973053753376007
1.269420862197876,-0.30183807015419006
1.31818425655365,-0.07953168451786041
-0.15670478343963623,-0.3050558567047119
-0.47959357500076294,0.44146764278411865
-0.8508431315422058,-0.6246523261070251
-0.8170605897903442,-0.6316800117492676
-0.1336544305086136,-0.40081748366355896
-0.09061336517333984,-0.011610910296440125
-0.18791460990905762,-0.41381150484085083
-0.39130404591560364,0.10726967453956604
-1.072047472000122,-0.4866659641265869
-0.1902417242527008,-0.005169197916984558
-0.5820837616920471,-0.3140091300010681
0.5761199593544006,0.5519867539405823
1.14724600315094,0.4231058955192566
-0.5188031196594238,-0.3653571605682373
-0.8090834021568298,-0.5577989220619202
0.9874717593193054,0.6019808650016785
-0.08252573013305664,-0.481762170791626
-0.33494260907173157,-0.43325555324554443
-0.32751622796058655,-0.016467660665512085
1.0058003664016724,0.6380510330200195
-0.6682933568954468,-0.564035952091217
-1.099829077720642,-0.5111761093139648
1.1757607460021973,-0.36100059747695923
-0.0317455492913723,-0.24762406945228577
0.33761271834373474,-0.08471130579710007
1.1853605508804321,0.5079944133758545
0.40117117762565613,0.5786550641059875
0.5477930307388306,0.4513978958129883
-0.2596505582332611,-0.36289533972740173
0.39002037048339844,-0.07930584251880646
-1.9111218452453613,-0.5086191892623901
-0.5527845621109009,-0.35271239280700684
0.8554022312164307,0.5451492071151733
-0.5120702385902405,-0.5309654474258423
-0.32203805446624756,-0.6258411407470703
0.5158280730247498,-0.1036660224199295
-0.954720139503479,-0.5362391471862793
-0.5695141553878784,-0.19020415842533112
0.023220885545015335,-0.41841012239456177
-1.2080525159835815,-0.33483320474624634
-0.1685786098241806,-0.40934231877326965
-0.6385248303413391,-0.5561249852180481
-0.5802978873252869,-0.02908611297607422
-0.005036418791860342,-0.45238858461380005
-0.9663131237030029,-0.5616282820701599
-0.41907817125320435,-0.17766951024532318
0.007469117175787687,0.03366541862487793
0.8489919304847717,0.5871164798736572
0.13439321517944336,-0.11611989140510559
-0.5032448768615723,-0.5032017230987549
-0.238803431391716,-0.4326079487800598
0.9102879762649536,0.6225308775901794
-0.5660106539726257,-0.5570987462997437
-0.21886715292930603,-0.376808762550354
-0.7873982787132263,-0.5095402598381042
-0.6648766994476318,-0.3916795253753662
-0.6649453639984131,-0.3304610848426819
-0.9666060209274292,-0.5426676273345947
-1.1568570137023926,-0.22299420833587646
-0.6662975549697876,-0.5516395568847656
0.6753432750701904,0.6236138343811035
0.601797342300415,-0.3997412621974945
-1.1723471879959106,-0.45855647325515747
1.33182692527771,0.6162894368171692
0.5106185078620911,0.6089489459991455
1.2905126810073853,0.616824746131897
-0.33469417691230774,-0.15360569953918457
-0.7568650245666504,-0.6641993522644043
0.13244271278381348,-0.5275761485099792
-0.3617395758628845,-0.4899778366088867
-0.31924641132354736,-0.42026954889297485
-0.03528527542948723,-0.16038338840007782
-0.31274643540382385,-0.2076510190963745
-0.6414939761161804,-0.2948298156261444
-1.1853762865066528,-0.709254264831543
0.4964001476764679,0.3668818473815918
-0.9563122391700745,-0.5606548190116882
-0.4841148853302002,-0.12722450494766235
-0.2275305688381195,-0.011906400322914124
-0.5936434864997864,-0.1421961933374405
-0.15158754587173462,-0.4498400092124939
-0.6857110857963562,-0.3640103042125702
0.9708563089370728,0.442609965801239
-0.410617470741272,0.5261746048927307
0.132502019405365,0.4106045365333557
-0.9563468098640442,-0.5825116634368896
-1.4230176210403442,-0.8844470381736755
0.28609558939933777,0.06517937779426575
-0.08945456892251968,-0.05348686873912811
0.890795111656189,0.534000039100647
1.0999459028244019,0.4384978413581848
0.24502108991146088,0.3260422348976135
-0.7270001173019409,-0.593551516532898
-0.9889689087867737,-0.539577066898346
-0.4782421886920929,-0.3600199222564697
-0.7151740789413452,-0.43300944566726685
0.6637309789657593,0.5861853361129761
-0.303018718957901,-0.17481350898742676
0.44167885184288025,0.32840126752853394
0.5986477136611938,0.16078180074691772
1.090859293937683,0.5881057381629944
-0.05979892238974571,-0.3958241939544678
-1.0479916334152222,-0.48495447635650635
-1.0369749069213867,-0.47459787130355835
-0.18225544691085815,-0.0732744038105011
-0.6483185291290283,-0.5551173686981201
-0.5813659429550171,-0.5008891820907593
-1.1588568687438965,-0.58832186460495
0.7960317730903625,0.6149682998657227
0.17975500226020813,0.18158870935440063
-0.1792556792497635,-0.08336597681045532
-0.16242434084415436,-0.3817843198776245
0.11483585834503174,-0.5593591928482056
-1.1611013412475586,-0.7047173976898193
-0.29657891392707825,-0.36727356910705566
-0.5397027134895325,-0.3615007698535919
-0.8022674918174744,-0.34863734245300293
-0.3097967207431793,-0.12504097819328308
-0.2605281174182892,-0.5300917625427246
0.9877256155014038,-0.16238707304000854
-0.8774210214614868,-0.5375913381576538
-0.6103382706642151,-0.51809161901474
0.37760093808174133,0.5481807589530945
0.12467297166585922,0.19747480750083923
-0.9399266242980957,-0.20198094844818115
0.639080286026001,-0.23832997679710388
-0.9217274188995361,-0.38350579142570496
0.07727031409740448,0.18839359283447266
-1.0600521564483643,-0.32479628920555115
0.7672153115272522,0.3375343680381775
-0.7294629216194153,-0.5341466665267944
0.9403442144393921,0.33136993646621704
0.4520971477031708,0.2600836455821991
0.364711195230484,0.5172744989395142
0.7513064742088318,0.5675692558288574
0.7783658504486084,-0.39025723934173584
0.3877563774585724,0.15733596682548523
-0.5269778370857239,-0.5081843137741089
-0.9993813633918762,-0.5703760385513306
0.00782068818807602,-0.4652807116508484
-0.8087948560714722,-0.4775044620037079
1.6969510316848755,0.11803978681564331
0.19894441962242126,-0.4849972426891327
0.6375483870506287,-0.10961737483739853
-0.2059447318315506,-0.23559017479419708
0.3296597898006439,0.37388449907302856
-1.0188369750976562,-0.5244157910346985
-0.6423248648643494,-0.4245866537094116
-0.9351109266281128,-0.49778419733047485
-0.6175064444541931,-0.4929189383983612
0.024106362834572792,0.16598916053771973
-1.2151137590408325,-0.3657614588737488
-0.38352322578430176,-0.19270986318588257
-0.2030777931213379,-0.32778027653694153
-1.0123649835586548,-0.5708391666412354
-1.095249056816101,-0.5267779231071472
-0.9101205468177795,-0.6669524908065796
-0.020800653845071793,0.04131461679935455
0.25403690338134766,0.24652284383773804
0.33773112297058105,0.23915955424308777
-0.6467412710189819,-0.4659949839115143
-0.22654224932193756,-0.354336678981781
-1.2723528146743774,-0.32281333208084106
0.993446409702301,-0.31553226709365845
-0.6420433521270752,-0.4484253525733948
-1.067099928855896,-0.6291308403015137
-0.6157124042510986,-0.5093700885772705
-0.515256941318512,-0.39461520314216614
-0.6335724592208862,-0.47722217440605164
0.5736947655677795,0.3818421959877014
0.3988964557647705,-0.6310309171676636
-0.8338876962661743,-0.5590616464614868
-0.5493335127830505,-0.3004930913448334
-0.2843112051486969,-0.48514729738235474
-0.5669841766357422,-0.09686465561389923
1.4280500411987305,0.6316489577293396
-0.9774296283721924,-0.45479539036750793
-0.23358768224716187,-0.34439539909362793
0.8440659642219543,0.6424784064292908
-0.1870471090078354,-0.16202916204929352
-0.6226126551628113,-0.3341620862483978
0.21108375489711761,-0.01755450665950775
-1.0465269088745117,-0.5549691915512085
-0.441825807094574,-0.3342687487602234
-0.16572622954845428,-0.39096882939338684
-0.24717718362808228,-0.2969408631324768
-0.6099562048912048,-0.547943651676178
-0.7767968773841858,-0.40874987840652466
0.8141410946846008,-0.1290222704410553
0.5012345910072327,0.48864060640335083
-0.5398432612419128,-0.47596871852874756
-0.24889205396175385,-0.08395873010158539
1.3823354244232178,0.48823487758636475
-1.1256104707717896,-0.4484650790691376
0.08086276799440384,-0.10611576586961746
-0.8546212911605835,-0.5390682220458984
0.6481324434280396,-0.17638537287712097
0.3996533155441284,0.23721691966056824
-0.8095801472663879,-0.8913865089416504
-0.4044491946697235,-0.41525793075561523
1.736001968383789,0.5626819729804993
-0.22626188397407532,-0.5339990854263306
-0.5939208269119263,-0.5319658517837524
-0.7126649022102356,-0.5595475435256958
0.1289752870798111,0.0995747447013855
-0.7564213871955872,-0.6735869646072388
0.6659546494483948,0.6237124800682068
0.0012290020240470767,0.14887160062789917
0.8146985173225403,0.6429420709609985
-0.3722291588783264,-0.4799269735813141
0.48038893938064575,0.5891430377960205
-0.7415568828582764,-0.5626257658004761
-0.452566534280777,-0.3448152542114258
0.23327681422233582,0.2460094392299652
0.3357008695602417,0.10348796844482422
0.3004308342933655,0.2162327766418457
-1.2632640600204468,-0.5676893591880798
-0.09471657127141953,-0.38292303681373596
-0.4896923899650574,-0.38091352581977844
0.43426233530044556,0.5319898128509521
-0.4989485740661621,-0.6507776975631714
-0.7522774934768677,-0.582248330116272
-0.6709029078483582,-0.5185884237289429
0.8890929222106934,0.5665323138237
-0.23878873884677887,-0.13099953532218933
-0.5689882040023804,-0.5914767980575562
0.2957257032394409,0.612295389175415
-0.5668082237243652,-0.4819377660751343
-0.4318929612636566,-0.2623410224914551
-0.21013949811458588,-0.2372112274169922
-0.016753777861595154,0.07851254940032959
-0.13319237530231476,-0.4411936104297638
-0.2395263910293579,-0.5934248566627502
-1.058884859085083,-0.2409529685974121
-0.42357948422431946,0.0940169095993042
-0.2706155776977539,-0.4344123303890228
-0.5947250723838806,-0.07249705493450165
-0.3147166669368744,-0.02994239330291748
-0.5076622366905212,-0.43621373176574707
-0.36076486110687256,-0.3535498380661011
0.4782553017139435,0.35975009202957153
-0.2084510326385498,-0.09688856452703476
-0.08763644099235535,-0.17064425349235535
-1.0997308492660522,-0.3354990482330322
-0.010379917919635773,-0.4632880389690399
-0.27781325578689575,-0.1988885998725891
-0.24931232631206512,-0.2782948911190033
0.2941367030143738,0.44696861505508423
-0.6559904217720032,-0.5123940706253052
0.2848067283630371,0.03133225440979004
0.9982701539993286,0.6393377780914307
-0.41116565465927124,-0.4179055392742157
0.07521335035562515,-0.14698146283626556
-1.2809892892837524,-0.5820354223251343
-0.9829437732696533,-0.5827385187149048
-0.8599805235862732,-0.45618128776550293
-1.026781678199768,-0.5072116851806641
0.7297417521476746,-0.3276234269142151
0.44208091497421265,0.4253470301628113
-0.025780608877539635,-0.0496060848236084
-0.6189290285110474,-0.1409558355808258
-1.879848599433899,-0.2878113389015198
-0.8517098426818848,-0.3152760863304138
-0.9458190202713013,-0.5714288353919983
0.7327117919921875,0.6283177733421326
0.5097405314445496,0.613071858882904
-1.0156610012054443,-0.5054813623428345
0.21814168989658356,0.5342307686805725
-0.6602813601493835,-0.2297765016555786
-0.11177307367324829,-0.5006479024887085
0.438640296459198,0.5102549195289612
-0.6329325437545776,-0.4684211313724518
0.19123370945453644,0.578211784362793
-0.5046560168266296,-0.6315224170684814
0.13436201214790344,-0.5246431231498718
-0.5166864991188049,-0.6284143924713135
0.059134114533662796,-0.12198822945356369
0.7079216837882996,0.6272371411323547
-0.8548724055290222,-0.5638357400894165
-0.16952310502529144,-0.46247047185897827
-1.2043662071228027,-0.3520134687423706
0.666763424873352,0.38478565216064453
-0.84297114610672,-0.4934806227684021
-0.09330456703901291,0.32950830459594727
-0.15127801895141602,-0.3975818157196045
-0.9942861199378967,-0.5363221168518066
0.938118040561676,-0.28814131021499634
-0.42082855105400085,-0.4108445644378662
-1.2961746454238892,-0.3877914547920227
0.8456318378448486,0.6375149488449097
-0.8812208771705627,-0.3465542495250702
-0.630405604839325,-0.24772495031356812
-0.9239854216575623,-0.5071015357971191
-0.3188813626766205,-0.5292205810546875
0.1200271025300026,-0.35085684061050415
-1.6035552024841309,-0.6290017366409302
0.15257586538791656,-0.29741284251213074
-0.6229315400123596,-0.5724097490310669
0.47077685594558716,-0.5876909494400024
-0.25892162322998047,-0.5473659634590149
-0.7961122989654541,-0.569817066192627
-1.6830110549926758,-0.47821250557899475
-0.3387032151222229,-0.10530547052621841
0.8992038369178772,0.6069918870925903
-0.9244856238365173,-0.5003408193588257
-0.817365825176239,-0.6314888000488281
-0.7601078748703003,-0.5790698528289795
-0.5846786499023438,-0.5196323394775391
0.4971989393234253,-0.5501415729522705
-0.39104241132736206,-0.4005955457687378
-0.5964638590812683,-0.41418635845184326
-0.9530699849128723,-0.5205287933349609
0.5274074077606201,0.2164224088191986
-0.23696979880332947,-0.14081083238124847
-1.173809289932251,-0.5283442735671997
-0.6480046510696411,-0.25490450859069824
0.5187283158302307,0.5891852974891663
-0.5846477150917053,-0.36411499977111816
-0.5452901721000671,-0.3886759281158447
0.48442697525024414,0.3114730715751648
-0.366066038608551,-0.4588438868522644
0.8043126463890076,-0.192768856883049
0.16478724777698517,0.3183739185333252
0.6277596950531006,0.6188557744026184
-0.20180629193782806,-0.17549094557762146
0.20399843156337738,-0.1637020707130432
-0.5836728811264038,-0.5683324933052063
0.35082563757896423,-0.32171064615249634
0.7109436392784119,0.5907101631164551
-0.6261177659034729,-0.47809410095214844
0.7897806167602539,0.6241289377212524
0.8336789608001709,0.5863936543464661
0.7381302714347839,0.6277217864990234
-0.31827712059020996,0.10612344741821289
0.3922967314720154,-0.5269739627838135
-1.3848018646240234,-0.8900041580200195
-0.1305164098739624,-0.43610864877700806
0.7596883773803711,0.44329243898391724
-0.23574800789356232,-0.21169550716876984
-1.6185423135757446,-0.3790905475616455
0.4139832556247711,0.32825154066085815
0.36592724919319153,0.46981918811798096
-0.7162393927574158,-0.44950082898139954
0.8203218579292297,0.6407369375228882
0.6988624930381775,0.0838172435760498
0.33946195244789124,0.2182837724685669
-1.7470533847808838,-0.6308356523513794
0.32550883293151855,0.31917017698287964
0.6239796280860901,0.5883333683013916
-0.5576524138450623,-0.1620003879070282
-0.1380281150341034,-0.08625694364309311
0.29852303862571716,-0.3855345845222473
-1.2949936389923096,-0.34558194875717163
-0.30236485600471497,-0.46159547567367554
-0.9295039772987366,-0.5087640285491943
0.4502826929092407,0.29488423466682434
-0.01724444516003132,-0.20565080642700195
0.029325300827622414,-0.39811813831329346
0.3445250988006592,-0.5429437160491943
1.0511916875839233,0.2648182213306427
1.0118401050567627,0.523550808429718
0.45377498865127563,0.5453308820724487
-0.3290686309337616,-0.3851436972618103
-0.4447835087776184,-0.5506505966186523
-0.08027113229036331,-0.22769758105278015
0.9704054594039917,0.5578938722610474
-0.7790389060974121,-0.45442837476730347
-0.22604265809059143,-0.25018787384033203
-0.4328118860721588,-0.39430731534957886
0.5923117995262146,0.40172696113586426
-1.200606107711792,-0.2265050858259201
-1.1853762865066528,-0.7092540860176086
0.2687975764274597,0.36092424392700195
0.6962078809738159,-0.30938103795051575
0.8529546856880188,0.5681847929954529
-0.09358539432287216,-0.5336533784866333
-0.9987523555755615,-0.19570565223693848
-0.9570856094360352,-0.5934486985206604
0.2708214223384857,0.0784352719783783
-0.17629888653755188,-0.40045690536499023
-1.0672407150268555,-0.6289621591567993
-0.4977095425128937,-0.3184342086315155
0.4668983817100525,-0.5705444812774658
-0.31057363748550415,-0.21278001368045807
0.5789646506309509,0.36088091135025024
0.4661169946193695,0.29586899280548096
-0.6362350583076477,-0.4524614214897156
-1.2305896282196045,-0.5826781392097473
0.7920984625816345,0.08149349689483643
-0.024201398715376854,0.2802633047103882
0.49616217613220215,0.40959233045578003
0.009033091366291046,0.57865971326828
1.0598856210708618,0.4696366786956787
-0.15883107483386993,-0.31493067741394043
0.11507045477628708,-0.19439765810966492
-0.127661794424057,-0.43102341890335083
-0.6549595594406128,-0.25418323278427124
-0.7315891981124878,-0.25516849756240845
-0.9860139489173889,0.4416500926017761
0.08999893069267273,0.03851115703582764
0.350978821516037,-0.1276281476020813
-0.6166272163391113,-0.46576565504074097
-0.17418156564235687,0.002332240343093872
0.1940286010503769,-0.008363872766494751
-0.5776209235191345,-0.4716016352176666
0.845413863658905,0.6194722652435303
0.7685849666595459,0.4277440905570984
-0.4647768437862396,0.42699164152145386
0.5585861206054688,-0.15765173733234406
0.25147876143455505,0.07292038202285767
-1.104472041130066,-0.38970690965652466
-0.3185308873653412,-0.2818388342857361
0.41439902782440186,0.13672488927841187
-0.3871736228466034,-0.27427807450294495
0.2192712426185608,0.5112856030464172
-0.5453411936759949,-0.5661652684211731
-0.8127486705780029,-0.5805246829986572
-0.5349346399307251,-0.3983425199985504
0.03192521259188652,-0.24692091345787048
-0.0780404806137085,0.260777086019516
-0.4798813760280609,-0.3704216480255127
1.1406115293502808,0.6190632581710815
-0.7058849930763245,-0.3519231677055359
-0.08520781993865967,-0.3328131437301636
-0.17246806621551514,0.5504714846611023
-0.22449623048305511,-0.4357110261917114
-0.6794817447662354,-0.4914533197879791
-0.596975564956665,-0.519790530204773
0.20177635550498962,-0.1726987659931183
-0.6187448501586914,-0.04794694483280182
-0.8795977234840393,-0.34621620178222656
-0.9522053599357605,-0.5903085470199585
-0.5874559283256531,-0.3341783285140991
-0.010807408951222897,-0.47063755989074707
-0.4928969442844391,-0.4485014081001282
-0.38853177428245544,-0.6342447996139526
-0.11345269531011581,0.37389910221099854
-0.8726340532302856,-0.6065752506256104
-0.2909263074398041,-0.4011201858520508
-0.816125750541687,-0.28415432572364807
-0.23218072950839996,-0.3631893992424011
1.3524225950241089,-0.3804531693458557
-0.13562969863414764,-0.36514660716056824
-0.8132584691047668,-0.5677914619445801
-1.3411118984222412,-0.3575415015220642
0.2893293499946594,-0.018269047141075134
0.18559986352920532,0.44571489095687866
-0.579825222492218,-0.4319864511489868
-0.2518573999404907,0.09148252010345459
-0.9253174066543579,-0.5083622336387634
0.3789287209510803,0.5367463827133179
-0.10011233389377594,-0.2802450954914093
-0.1740025132894516,-0.40889206528663635
-0.26612284779548645,-0.2876272201538086
-0.9315852522850037,-0.5803796648979187
-0.8593073487281799,-0.5731523036956787
0.8887314200401306,0.6420156359672546
0.61516273021698,-0.16690826416015625
-0.3542506694793701,-0.3993346095085144
0.016381660476326942,0.04042786359786987
-1.0065116882324219,-0.7108758091926575
0.45357146859169006,0.548775315284729
-0.6633042693138123,-0.4829646050930023
-0.1923285722732544,-0.440080463886261
0.8620600700378418,0.571722686290741
-0.6338075995445251,-0.5877881646156311
-0.09153963625431061,-0.38468530774116516
-0.22772878408432007,-0.2998175621032715
0.8506460785865784,-0.11140446364879608
0.8797875046730042,-0.6526733636856079
0.3378491997718811,0.450863242149353
0.6036673784255981,0.5696961283683777
-0.7554681897163391,-0.6689050197601318
0.05471065640449524,-0.2557339668273926
0.562933623790741,0.5184335708618164
-0.2443445920944214,-0.6205596923828125
1.0886272192001343,-0.5030672550201416
0.5157872438430786,-0.3149257302284241
-0.681583821773529,-0.2993856966495514
-0.09094928950071335,-0.09119962155818939
0.9762737154960632,0.4804391860961914
0.8144881725311279,0.5634989142417908
-0.5497065782546997,0.3685719966888428
-0.7253331542015076,-0.361721932888031
-0.41331303119659424,0.34849464893341064
0.667518675327301,0.638675332069397
-0.6656425595283508,-0.5521954298019409
1.4556010961532593,0.412863552570343
-0.6745828986167908,-0.47410836815834045
0.1319073736667633,-0.5306546688079834
-0.4661780893802643,-0.4111270606517792
-1.3888856172561646,-0.6286430954933167
0.34054967761039734,0.23907387256622314
-0.38863202929496765,-0.4321768283843994
-0.8083928823471069,-0.8961783051490784
0.6793539524078369,0.5644794702529907
0.09491483867168427,-0.5590232610702515
0.24003829061985016,0.49936652183532715
-0.6066136956214905,-0.44042539596557617
-0.5128989219665527,-0.4307365417480469
-0.5967074036598206,-0.3967156410217285
-0.11393719166517258,0.4099210500717163
-0.42381131649017334,-0.384944885969162
0.6887877583503723,0.0952954888343811
-0.5674911141395569,-0.32480868697166443
-0.7885401844978333,-0.3725703954696655
1.1061605215072632,0.6269494891166687
0.045975539833307266,-0.19658078253269196
0.1832781881093979,-0.37998834252357483
-0.8972936272621155,-0.5079746842384338
-0.1771424412727356,0.4738791584968567
0.5352677702903748,-0.5649648904800415
-0.561991810798645,-0.2918310761451721
0.3590317666530609,0.4853391647338867
-0.8315988183021545,-0.5216419696807861
0.15286757051944733,-0.154351145029068
0.6154448390007019,-0.623021125793457
