true,predicted,residual
-0.104858935,-0.07654576,0.028313175
-0.9323213,-0.9488263,-0.016505003
-0.6540619,-0.5839745,0.07008743
-1.1763264,-1.1044898,0.07183659
-0.08904776,-0.10335979,-0.014312029
-0.8541177,-0.78177243,0.07234526
-0.8908136,-0.9652694,-0.0744558
-0.1146907,-0.10265418,0.012036517
-0.39290258,-0.3029779,0.08992469
-0.5693413,-0.56521916,0.004122138
-0.2352118,-0.20569816,0.029513642
0.083560444,0.002273485,-0.08128696
0.07940282,0.07062882,-0.008773997
-0.037027765,-0.15627164,-0.119243875
0.050802704,0.07234585,0.021543149
0.026807567,0.016759783,-0.010047784
-1.127384,-0.5921645,0.53521943
-0.42750636,-0.30533683,0.122169524
-0.68911517,-0.65875614,0.03035903
0.059188116,-0.5554483,-0.6146364
-1.0163263,-1.0375931,-0.021266818
-0.35677594,-0.35425144,0.0025244951
-0.74989647,-0.7940607,-0.04416424
-0.2617169,-0.27947283,-0.017755926
-1.0698911,-1.0782886,-0.00839746
0.4804313,0.38895285,-0.09147844
-0.66029733,-0.68395436,-0.023657024
-0.66308033,-0.5820951,0.08098525
0.46342006,0.4460346,-0.017385453
0.02394969,0.015371472,-0.0085782185
0.16863547,0.32139474,0.15275927
-0.08274029,-0.15460905,-0.07186876
-0.37694386,-0.16296148,0.21398237
-1.6026118,-0.008572191,1.5940396
-0.73420435,-0.48910454,0.24509981
1.0171629,1.1436731,0.12651014
0.5550236,0.55950475,0.004481137
-0.79195577,-0.74355,0.048405766
-0.31449163,-0.15055124,0.16394038
0.63964695,0.76600283,0.12635589
-0.24698867,-0.7450772,-0.49808854
1.2477268,1.0990036,-0.14872324
-0.7743505,-0.70037067,0.073979855
0.22247061,0.26193008,0.039459467
0.1756726,-0.27469477,-0.4503674
-0.977771,-0.88668454,0.09108645
0.49225968,0.37869215,-0.11356753
0.33800986,0.39878672,0.06077686
0.008403011,-0.1606276,-0.1690306
-0.47071096,-0.5112008,-0.040489823
-0.06283068,-0.023017019,0.03981366
-0.34340468,-0.29957622,0.043828458
0.43695796,0.26270676,-0.1742512
-0.5190758,-0.56604975,-0.046973944
0.2717322,0.24832922,-0.023402989
-0.20216711,-0.23610313,-0.033936024
-1.8127854,-1.709888,0.102897406
-0.6626992,-0.50670195,0.15599728
-0.3872331,-0.21757992,0.16965319
-0.37695006,-0.22995938,0.14699067
-0.042174835,-0.11382691,-0.07165207
0.762023,0.99087596,0.22885299
-1.0451444,-0.9977285,0.047415912
0.908101,0.9162698,0.008168757
-0.6281077,-0.47984788,0.14825985
0.014865035,0.16358039,0.14871535
-0.19613598,-0.050510466,0.14562552
-0.96400356,-0.7495565,0.21444708
0.75896496,0.8941351,0.13517016
0.087490864,0.07418966,-0.013301201
-0.6334468,-0.61304075,0.020406067
-0.8150242,-0.337875,0.4771492
0.048324287,0.36950088,0.3211766
-0.33924487,-0.40454125,-0.06529638
-0.856676,-0.9251396,-0.06846362
-0.5746296,-0.58129025,-0.0066606402
-0.9485146,-1.0279549,-0.079440355
-0.009648095,-0.15941048,-0.14976238
0.56490684,0.60197216,0.037065327
-0.8987179,-0.77997524,0.118742645
0.2516883,0.6785032,0.4268149
-0.053750917,-0.024402782,0.029348135
-0.95407194,-0.93719393,0.016878009
0.5648011,0.29611427,-0.26868683
0.21489674,0.19752246,-0.017374277
-0.72615266,0.41026616,1.1364188
0.2783206,0.29410312,0.015782505
-0.17163321,-0.026806116,0.1448271
0.6536441,0.50418985,-0.14945424
0.3046316,0.21252215,-0.09210944
-0.5932589,-0.5649587,0.028300226
0.29425928,0.28643644,-0.007822841
-0.29194823,-0.3213102,-0.029361963
0.058345154,-0.23718944,-0.2955346
1.3049594,1.4432192,0.13825977
-0.6718491,-0.7584007,-0.08655161
-0.622237,-0.5882257,0.034011304
0.63161635,0.6229348,-0.008681536
-1.7793932,-1.730771,0.04862225
-1.0621582,-1.096312,-0.03415382
-0.5179895,-0.33733356,0.18065596
-0.6323816,-0.51585376,0.116527855
-0.5240676,-0.627861,-0.10379344
-0.059067726,-0.05036111,0.008706614
-0.6341484,0.17832702,0.81247544
0.459703,0.55715847,0.09745547
-0.32514474,-0.3793782,-0.05423346
-0.8138663,-0.89533985,-0.08147353
-1.5667915,-1.7099167,-0.14312518
-0.08206899,-0.0337853,0.04828369
-1.1086037,-1.0004387,0.108165026
1.2255682,0.9295325,-0.29603565
-0.84958947,-0.8809113,-0.031321824
-0.6044099,-0.6259353,-0.021525443
1.0224649,0.98293805,-0.03952682
0.50559866,0.46441525,-0.041183412
-0.31498837,-0.17216247,0.1428259
0.73451173,0.8796482,0.14513648
-0.4625599,-0.4162538,0.046306103
-0.7617055,-0.70607716,0.05562836
-0.48084345,-0.48842344,-0.0075799823
-0.028827025,0.044470057,0.07329708
0.3098013,-0.097616695,-0.407418
-0.23150963,-0.42853314,-0.19702351
0.54491735,0.41373366,-0.13118368
-0.31240615,-0.35992384,-0.047517687
1.3176312,1.267041,-0.050590277
0.4025973,0.4448185,0.04222119
-0.32605484,-0.39937162,-0.07331678
-0.64183164,-0.6057327,0.036098957
0.21418856,0.101934254,-0.11225431
0.6323609,0.5960859,-0.03627497
-0.44152036,-0.49153778,-0.050017416
0.35368922,0.31784004,-0.035849184
0.53338325,0.42011458,-0.11326867
-1.1682832,-1.1982594,-0.02997613
0.52981025,0.48374927,-0.04606098
-0.7690609,-0.8300654,-0.06100452
-0.015828796,-0.053690955,-0.03786216
-0.7999556,-0.75882024,0.04113537
-0.10441838,-0.116036765,-0.011618383
-0.21056518,-0.22524838,-0.014683202
-0.36435091,-0.17675133,0.18759958
-0.2592423,-0.23595256,0.02328974
-0.5965594,-0.5899298,0.006629586
1.0288589,1.1978357,0.16897678
0.21356052,0.08482084,-0.12873968
-0.33692944,-0.42041743,-0.08348799
-0.7973661,-0.7079383,0.08942777
0.8213981,1.2598203,0.43842226
-0.559479,-0.5184297,0.0410493
-0.29610935,0.29929888,0.5954082
-0.009530515,-0.054363206,-0.04483269
-0.7445869,-0.7014456,0.043141305
-0.86309445,0.0880954,0.9511899
-0.46668407,-0.37398678,0.09269729
-0.70729756,-0.9432313,-0.23593372
0.466503,0.5594096,0.092906624
0.7983509,0.8629358,0.06458491
-0.7628403,-0.7503196,0.012520671
0.50134265,0.62716216,0.1258195
1.0343156,1.1936666,0.15935099
1.0009288,1.1373792,0.13645041
-0.71230036,-0.69614315,0.01615721
-0.07609296,-0.16966134,-0.093568385
-0.5498512,-0.57346547,-0.023614287
0.11552361,0.18632406,0.07080045
-0.7999377,-0.8249767,-0.025038958
-0.59241205,-0.5720309,0.020381153
-0.675349,-0.6144026,0.060946405
0.40471613,0.5153247,0.11060858
0.77457124,0.73183924,-0.042732
0.25419188,0.26437578,0.010183901
0.5993133,0.59380394,-0.0055093765
-0.40221024,-0.41652864,-0.014318407
0.11930957,0.21014494,0.09083537
0.82632023,0.9233413,0.09702104
-0.31396595,-0.18005973,0.13390622
-0.63595295,-0.60901475,0.0269382
-0.28451464,-0.3086693,-0.024154663
1.2431393,1.1271785,-0.11596072
0.7538363,0.79988134,0.046045065
-0.8290499,-0.70412517,0.12492472
-0.4809996,-0.58197325,-0.100973666
-0.44166905,-0.35877246,0.08289659
0.6884741,0.7752914,0.086817265
-0.7600806,-0.70831853,0.051762044
-0.92473406,-1.1670895,-0.2423554
-0.33269644,-0.24612308,0.08657336
0.3329012,0.3163839,-0.016517311
-1.0148724,-0.98178947,0.033082962
0.35669333,-0.62281764,-0.97951096
-0.5605907,-0.6179039,-0.057313204
0.8430053,0.6041694,-0.23883587
0.39562795,0.41193348,0.016305536
-0.18044958,-0.21027988,-0.029830307
0.8565635,0.7510851,-0.105478406
-1.1058079,-1.0166398,0.08916807
-0.7411808,-0.7581336,-0.016952813
0.3976982,0.39901298,0.001314789
0.14167784,0.25854218,0.11686434
-0.87214214,-0.7469702,0.12517196
-0.6985365,-0.64160717,0.05692935
0.5978141,0.6436692,0.045855105
-1.0147748,-0.9565284,0.058246374
-0.24736944,-0.22446135,0.022908092
-0.83289444,-1.019495,-0.18660057
-0.9570856,-0.9665276,-0.009441972
-0.9052617,-0.5258745,0.3793872
0.056905534,-0.013357341,-0.07026288
-0.40981132,-0.36474314,0.045068175
-0.90023506,-0.9457053,-0.045470238
-1.8507851,0.0815039,1.932289
-0.45530713,-0.44122827,0.0140788555
-0.7594768,-0.83075607,-0.07127929
0.4237203,0.4629652,0.03924489
-0.535775,-0.47405502,0.061719984
0.34490526,0.06406054,-0.28084472
-0.5684704,-0.5840348,-0.015564382
-1.199732,-1.0854232,0.114308715
-0.6718491,-0.7541662,-0.082317114
1.177974,1.2581478,0.08017385
0.005047304,-0.17109525,-0.17614256
0.590777,0.85395396,0.26317698
0.16051356,0.16247448,0.0019609183
-0.09667715,-0.04865016,0.048026986
-1.0177001,-0.79786676,0.21983331
-0.8056083,-0.70745313,0.09815514
0.5212372,0.66393656,0.14269936
-0.05665118,-0.4929888,-0.43633762
0.87489617,0.63908005,-0.23581612
-0.50061816,-0.580214,-0.079595864
-0.52688324,-0.517915,0.008968234
0.50739354,0.5655895,0.05819595
-0.13684237,-0.21057032,-0.07372795
-1.0652673,-1.0679982,-0.0027308464
0.48879987,0.4666155,-0.022184372
0.8547211,0.7331656,-0.12155551
-0.001647921,-0.19852681,-0.1968789
-0.121809445,-0.049057588,0.07275186
0.73225915,0.55830157,-0.17395759
-1.0190086,-0.99927,0.019738615
-0.3225232,-0.26287323,0.059649974
-0.17698134,0.069962054,0.2469434
-0.21520014,-0.0057457536,0.20945439
0.6530788,0.50864434,-0.14443445
-1.0397557,-1.1388013,-0.099045634
0.96910405,1.0454015,0.0762974
-0.42518985,-0.422802,0.0023878515
-0.6999991,-0.38934863,0.31065047
-0.12623905,-0.21072268,-0.08448364
-0.8571718,-0.8152908,0.041880965
-0.12220197,-0.260198,-0.13799602
-0.49993953,-0.65925837,-0.15931883
-0.5593579,-0.6497778,-0.09041995
-0.73915356,-0.76685053,-0.027696967
-0.7623295,-0.7833856,-0.021056056
-0.94570756,-0.98424715,-0.03853959
-0.64163953,-0.5283606,0.113278925
-0.057373095,-0.12579945,-0.068426356
-0.6836474,-0.75375193,-0.07010454
-0.82462794,-0.7639074,0.060720563
-0.2582208,-0.19627593,0.061944857
-0.58503836,-0.5606745,0.024363875
1.8887336,1.4952867,-0.39344692
0.3101265,-0.19951254,-0.509639
0.035176426,0.10283175,0.067655325
-1.6807202,-0.76101995,0.91970026
-0.3470861,-0.35866264,-0.011576533
-0.48169315,-0.6181862,-0.13649303
0.18032563,0.1748656,-0.005460024
-0.041342393,0.04303223,0.08437462
-0.67162895,-0.49573642,0.17589253
-0.8125507,-0.8122275,0.000323236
-0.94577044,-0.8188167,0.12695372
0.13035165,-0.1285832,-0.25893486
0.8906587,0.8447896,-0.045869052
-1.1571349,-1.1982491,-0.04111421
1.2373227,1.0297626,-0.20756006
-0.6785759,-1.2285194,-0.54994357
0.052129123,0.064237446,0.012108322
-0.2214589,-0.33471048,-0.11325158
-0.2474357,-0.2408909,0.0065447986
-0.053246245,-0.08623424,-0.032987997
-0.75295,-0.74936914,0.0035808682
-0.33912936,-0.21307765,0.12605171
0.10274611,0.10149595,-0.0012501553
-1.0530671,-0.9485184,0.10454869
-1.1677885,-1.1955881,-0.027799606
-0.8257744,-0.885085,-0.059310615
-1.8509108,-1.8821208,-0.031210065
-1.0417631,-1.0602484,-0.018485308
-0.5852747,-0.48605978,0.09921491
0.1974554,0.20885661,0.011401206
-0.20927554,0.0820587,0.29133424
0.20638584,0.114565015,-0.09182082
0.78948957,0.8105438,0.021054208
0.9014009,0.9950032,0.0936023
-0.6335934,-0.65996814,-0.026374757
0.46128628,0.5306244,0.06933811
-0.6100446,0.27702665,0.88707125
-0.8051072,-0.85865194,-0.05354476
-0.836855,-0.83742476,-0.0005697608
-1.2006403,-1.0127895,0.18785083
-0.29482508,-1.0695212,-0.7746961
-0.4719058,-0.23951626,0.23238954
0.73753095,0.64335006,-0.09418088
0.2420684,0.34299242,0.10092403
-0.14982398,-0.0019200891,0.14790389
0.5401982,0.63033485,0.09013665
-0.7481536,-1.0222116,-0.27405792
0.115692325,0.09971139,-0.015980937
-0.3417181,-0.19345666,0.14826144
1.0039667,0.9234803,-0.08048642
-0.63438696,-1.0090331,-0.37464613
-0.7564311,-0.7233676,0.03306353
-0.6642183,-0.7673689,-0.103150606
-0.15357941,-0.05056177,0.10301764
1.2346739,0.8800261,-0.35464776
0.45021355,0.43827343,-0.011940122
-1.0585296,-0.9463149,0.112214744
0.10780922,-0.12696189,-0.2347711
-0.7828214,-0.9083533,-0.12553191
-0.42584836,-0.29088506,0.1349633
-0.8366859,-0.8365363,0.00014960766
-0.45847753,-0.31889683,0.1395807
-0.53898937,-0.54061455,-0.0016251802
-0.6552354,-0.63017315,0.025062263
0.93550915,0.83018064,-0.1053285
-0.3482117,-0.24466504,0.103546664
-0.9623208,-0.6997076,0.26261318
-0.588607,-0.85027325,-0.26166624
0.46470276,0.51825815,0.0535554
1.5291355,1.2230035,-0.30613196
0.28427503,0.20407641,-0.080198616
-0.738777,-0.5366175,0.20215946
0.033081014,-0.035448045,-0.068529055
-1.2767956,-1.3055252,-0.028729558
0.68959945,0.8035228,0.11392337
0.18536593,-0.01278165,-0.19814758
0.5229416,0.5641412,0.041199625
-0.17356114,-0.23981917,-0.06625803
-0.65350914,-0.4614082,0.19210094
-0.48459285,-0.3748914,0.109701455
0.123103015,0.14871186,0.025608845
-0.72449154,-0.6634406,0.06105095
-1.6121181,-1.5568032,0.0553149
-0.45911276,-0.48067236,-0.021559596
-0.28093508,-0.28450003,-0.0035649538
-1.2083316,-1.1899774,0.018354177
-0.05890809,-0.4379961,-0.37908798
-1.0598674,-1.13168,-0.07181263
0.117648415,-0.14832036,-0.26596877
-0.52376974,-0.5217224,0.00204736
-0.35685644,-0.06469886,0.2921576
-0.23931882,-0.33813334,-0.09881452
0.40521532,0.5170876,0.111872256
-1.1010045,-1.100415,0.00058948994
-0.31940854,-0.0572647,0.26214385
-0.31579015,-0.27767175,0.038118392
-0.18378732,-0.0349095,0.14887781
-0.21784958,-0.07787196,0.13997762
-0.1767378,0.0830529,0.25979072
-0.67509264,-0.5232769,0.15181571
-0.242399,-0.24188419,0.0005148202
-1.0149179,-0.8382827,0.17663515
-0.4675626,-0.3716879,0.0958747
0.11057332,0.06445739,-0.046115935
0.997931,1.0680361,0.070105076
0.30651897,0.21971154,-0.08680743
-0.43395272,-0.49274385,-0.05879113
-0.10911343,-0.30535334,-0.19623992
-0.5453815,-0.5272963,0.018085182
-0.47191346,-0.47952512,-0.007611662
0.52879244,0.5363564,0.0075639486
-0.90043706,-0.65108424,0.24935281
0.5590407,0.83274627,0.27370554
0.6831207,0.3873245,-0.29579622
-0.70673525,-0.39762932,0.30910593
0.9119337,0.8835728,-0.028360903
-0.2025591,-0.021163896,0.1813952
-0.17742448,-0.25004628,-0.07262181
-0.014552104,0.15183026,0.16638236
-0.45646974,-0.42642707,0.030042678
-0.94382787,-0.7860413,0.15778655
0.7856857,0.76260346,-0.023082256
0.85710174,0.8446808,-0.012420952
0.33001363,0.2831326,-0.04688102
-0.6678717,-0.88498986,-0.21711814
0.51367664,0.24314919,-0.27052745
0.443399,0.24164867,-0.20175034
-0.18050657,-0.22809744,-0.047590867
-0.34716135,-0.23930864,0.10785271
-0.23746286,-0.22512539,0.012337476
0.10641727,0.13461387,0.028196603
-0.4634394,-0.2868058,0.1766336
-0.2238651,-0.19729511,0.026569992
1.2855413,1.6582642,0.37272286
0.3781275,0.28491583,-0.09321165
-0.33160105,-0.43217075,-0.100569695
0.7211184,0.85088015,0.12976176
-0.32164904,-0.43365413,-0.112005085
-0.6520468,-0.5975041,0.05454272
-0.2387539,-0.21340552,0.02534838
0.5658579,0.5107076,-0.05515027
-0.42427552,-0.17981653,0.24445899
-0.39541474,-0.2600583,0.13535643
0.53452724,0.61908764,0.084560394
-0.9254121,-1.0071344,-0.08172232
0.904067,0.95895123,0.054884255
-0.22056854,-0.11154776,0.10902078
-0.6814452,-0.55416214,0.12728304
1.2875905,-0.4370129,-1.7246034
1.8982409,0.40959793,-1.4886429
-0.81539035,-0.76527935,0.050110996
0.41265872,0.33396083,-0.07869789
-0.24139735,0.047946602,0.28934395
-0.482237,-0.6415935,-0.1593565
-0.88393635,-0.926404,-0.042467654
-0.0996885,-0.070577115,0.029111385
-0.14940928,-0.14906225,0.00034703314
0.5318103,0.7353048,0.20349449
-0.44541186,-0.40073925,0.04467261
0.12143869,-0.058067575,-0.17950627
0.101264715,-0.13137665,-0.23264137
0.38834006,0.39704454,0.0087044835
1.1477875,1.3151538,0.16736639
-1.0823611,-1.0774955,0.0048656464
-0.2353235,-0.24364635,-0.00832285
-0.93664086,-0.897201,0.039439857
-0.5921305,-0.80888003,-0.21674955
-1.280411,-1.209902,0.07050896
0.9373754,1.0721146,0.13473916
-0.88957554,-0.868177,0.021398544
1.5976516,1.6274362,0.02978456
0.20908806,0.1695841,-0.03950396
-0.095206104,-0.22823001,-0.13302392
0.1407057,0.20477137,0.064065665
-0.37610963,-0.30507004,0.07103959
0.31660867,0.11823174,-0.19837692
1.0817035,1.0691879,-0.012515664
-0.7492431,-0.7835221,-0.03427905
0.6196447,0.64827466,0.028629959
-0.71093136,-0.66495913,0.045972228
-1.602147,-1.5540274,0.048119545
-0.63737243,-0.61797416,0.019398272
-0.6848256,-0.8909089,-0.2060833
-0.13139488,-0.036904603,0.094490275
0.82657397,0.79704976,-0.029524207
-1.1152761,-0.8646031,0.250673
-0.5373319,-0.47393197,0.06339991
-0.7046275,-0.3448642,0.35976332
-0.8215347,-0.7025083,0.11902642
-0.33244857,-0.49188948,-0.1594409
-1.3093861,-1.3002601,0.009126067
-0.78009677,-0.88362455,-0.103527784
0.6547904,0.7806949,0.1259045
0.77535653,0.4288844,-0.34647214
-0.91448504,-1.0033336,-0.08884853
-1.0555911,-1.0500463,0.0055447817
-0.055891637,-0.03391257,0.021979067
0.39328682,0.38745767,-0.0058291554
0.5748024,0.73257536,0.15777296
-0.80730313,-0.92729384,-0.11999071
1.6831174,1.2930629,-0.39005446
-0.6930214,-0.58656704,0.10645437
0.6363883,0.59024745,-0.04614085
1.399714,1.154779,-0.24493504
-0.8139773,-0.7693526,0.044624686
-0.49441424,-0.44353878,0.050875455
-0.73694634,-0.33779895,0.3991474
-0.09576339,-0.17202678,-0.07626339
-0.219772,-0.25797397,-0.038201973
-0.63567495,-0.4710553,0.16461965
-1.1288556,-1.0066183,0.122237325
-0.7173125,-0.6779283,0.039384186
-0.8508662,-0.7390731,0.1117931
0.4228167,0.4291492,0.0063325167
-0.2213672,-0.054311424,0.16705577
0.16393471,0.26802775,0.104093045
1.2153469,1.1336521,-0.08169484
-0.86751306,-0.7230011,0.14451194
-0.68410045,-0.6075405,0.07655996
-0.64023364,-0.535928,0.104305625
0.11122994,-0.022736162,-0.1339661
-1.0439291,-0.9706431,0.073286
-0.89755607,-0.6083472,0.2892089
0.6186881,0.5901157,-0.02857238
0.3272646,0.2824188,-0.04484582
-1.0463829,-0.74433714,0.30204576
0.102976434,-0.1907714,-0.29374784
0.5552498,0.6496434,0.09439361
-0.8945412,-0.88309044,0.0114507675
0.30904296,0.17819625,-0.13084671
1.3509743,0.8809589,-0.4700154
1.4819185,0.12605372,-1.3558648
-0.09933856,-0.066134915,0.033203647
0.9203625,1.170529,0.25016654
-0.21937777,-0.31884795,-0.09947018
-0.2718008,-0.31543654,-0.043635756
-0.30524683,-0.41311496,-0.107868135
0.81787163,0.8477758,0.029904187
0.9960692,0.9762292,-0.019840002
-1.4097639,-1.064884,0.34487998
-0.58471525,-0.678514,-0.09379876
-1.1450657,-0.35829353,0.78677213
-0.9652591,-1.028618,-0.0633589
-1.4611692,-1.1756802,0.28548908
-0.33930883,-0.33403176,0.0052770674
-0.30530697,-0.24903233,0.056274638
-1.2809833,-1.1046885,0.1762948
-0.8501133,-0.30123937,0.5488739
-0.11925308,-0.059985623,0.059267454
1.1579947,1.1983525,0.04035771
-0.15269125,-0.23006696,-0.07737571
-0.5171982,-0.55824304,-0.04104483
-0.40125513,-0.2393902,0.16186494
-0.41108727,-0.39431995,0.016767323
-0.4547143,-0.57343787,-0.11872357
-0.4410149,-0.46506718,-0.024052292
1.2694209,-0.29194453,-1.5613654
1.3181843,0.9759799,-0.34220433
-0.15670478,-0.24808174,-0.09137696
-0.47959358,-0.2728136,0.20677999
-0.85084313,-0.9078839,-0.05704075
-0.8170606,-0.9146908,-0.0976302
-0.13365443,-0.3284938,-0.19483937
-0.090613365,-0.12429302,-0.033679657
-0.18791461,-0.26469412,-0.076779515
-0.39130405,-0.47144023,-0.08013618
-1.0720475,-1.1090732,-0.03702569
-0.19024172,-0.20322265,-0.012980923
-0.58208376,-0.52294314,0.059140623
0.57611996,0.4456941,-0.13042587
1.147246,1.3120148,0.16476882
-0.5188031,-0.52111983,-0.0023167133
-0.8090834,-0.8620304,-0.052946985
0.98747176,0.78296965,-0.2045021
-0.08252573,-0.04946962,0.03305611
-0.3349426,-0.36183575,-0.026893139
-0.32751623,-0.23022848,0.097287744
1.0058004,0.9100958,-0.095704556
-0.66829336,-0.7254197,-0.057126343
-1.0998291,-1.0993872,0.00044190884
1.1757607,1.2026758,0.026915073
-0.03174555,0.011166707,0.042912256
0.33761272,0.17034504,-0.16726768
1.1853606,1.1907611,0.0054005384
0.40117118,0.29966295,-0.10150823
0.54779303,0.40608078,-0.14171225
-0.25965056,-0.29415682,-0.03450626
0.39002037,0.42810297,0.0380826
-1.9111218,-0.70415795,1.2069639
-0.55278456,-0.479857,0.072927564
0.85540223,0.8173373,-0.038064957
-0.51207024,-0.2383899,0.27368033
-0.32203805,-0.33155957,-0.009521514
0.5158281,-0.18204074,-0.6978688
-0.95472014,-0.98594373,-0.031223595
-0.56951416,-0.35750183,0.21201232
0.023220886,-0.7492987,-0.7725196
-1.2080525,-1.1748672,0.033185363
-0.16857861,-0.2516287,-0.08305009
-0.63852483,-0.74692005,-0.10839522
-0.5802979,-0.50325817,0.07703972
-0.005036419,0.22605097,0.23108739
-0.9663131,-1.066559,-0.10024583
-0.41907817,-0.5230483,-0.10397011
0.007469117,-0.13797197,-0.14544109
0.84899193,0.8379303,-0.011061609
0.13439322,0.13115066,-0.0032425523
-0.5032449,-0.44877005,0.05447483
-0.23880343,-0.2347593,0.0040441304
0.910288,0.83961344,-0.07067454
-0.56601065,-0.29832858,0.26768208
-0.21886715,-0.21844529,0.00042186677
-0.7873983,-0.9500005,-0.16260225
-0.6648767,-0.6710113,-0.0061346292
-0.66494536,-0.6125871,0.05235827
-0.966606,-0.9781751,-0.011569083
-1.156857,-0.95706224,0.19979477
-0.66629755,-0.6075618,0.05873573
0.6753433,0.67124903,-0.004094243
0.60179734,1.3047407,0.7029433
-1.1723472,-1.0859869,0.086360335
1.3318269,1.3281798,-0.003647089
0.5106185,0.5931009,0.0824824
1.2905127,1.1440825,-0.14643013
-0.33469418,-0.31026062,0.024433553
-0.756865,-0.5477563,0.20910871
0.13244271,0.15466902,0.022226304
-0.36173958,-0.36095244,0.00078713894
-0.3192464,-0.30621427,0.013032138
-0.035285275,-0.10004057,-0.06475529
-0.31274644,-0.30252314,0.010223299
-0.641494,-0.4924159,0.14907807
-1.1853763,-1.103016,0.08236027
0.49640015,0.3940314,-0.10236874
-0.95631224,-0.9847474,-0.02843517
-0.4841149,-0.20731227,0.2768026
-0.22753057,0.46389753,0.69142807
-0.5936435,-0.5692914,0.024352074
-0.15158755,-0.1963286,-0.04474105
-0.6857111,-0.8625579,-0.1768468
0.9708563,1.078931,0.108074665
-0.41061747,-0.41141003,-0.00079256296
0.13250202,0.15945718,0.026955158
-0.9563468,-1.0533442,-0.09699744
-1.4230176,-0.8586392,0.56437844
0.2860956,0.32368237,0.03758678
-0.08945457,-0.03693813,0.052516438
0.8907951,0.8848041,-0.005990982
1.0999459,0.9083632,-0.19158268
0.24502109,0.15188026,-0.093140826
-0.7270001,-0.6840234,0.042976737
-0.9889689,-1.0270723,-0.0381034
-0.4782422,-0.4896425,-0.011400312
-0.7151741,-0.6498122,0.06536186
0.663731,0.5888354,-0.07489556
-0.30301872,-0.5616163,-0.25859758
0.44167885,0.55737185,0.115693
0.5986477,0.7673966,0.16874892
1.0908593,1.060901,-0.029958248
-0.059798922,-0.17828359,-0.11848466
-1.0479916,-1.0546196,-0.0066279173
-1.0369749,-0.79603773,0.24093717
-0.18225545,-0.21256869,-0.030313239
-0.6483185,-0.7367062,-0.08838767
-0.58136594,-0.8660305,-0.28466457
-1.1588569,-1.1613914,-0.0025345087
0.7960318,0.71729755,-0.07873422
0.179755,0.13292456,-0.046830446
-0.17925568,-0.2552725,-0.07601683
-0.16242434,-0.46670333,-0.30427897
0.11483586,0.214086,0.09925014
-1.1611013,-1.120028,0.041073322
-0.2965789,-0.4501232,-0.15354428
-0.5397027,-0.68611723,-0.14641452
-0.8022675,-0.74853307,0.05373442
-0.30979672,-0.24755809,0.062238634
-0.26052812,-0.714066,-0.4535379
0.9877256,1.3609926,0.37326694
-0.877421,-1.0054991,-0.1280781
-0.6103383,-0.6156816,-0.005343318
0.37760094,0.43296522,0.05536428
0.12467297,0.14874849,0.024075516
-0.9399266,-0.75643194,0.18349469
0.6390803,0.14615065,-0.49292964
-0.9217274,-0.61705184,0.30467558
0.077270314,0.016195655,-0.06107466
-1.0600522,-0.8881095,0.17194265
0.7672153,0.67854017,-0.08867514
-0.7294629,-0.7791325,-0.049669564
0.9403442,0.7040418,-0.23630244
0.45209715,0.3175183,-0.13457885
0.3647112,0.37943184,0.0147206485
0.7513065,0.89537144,0.14406496
0.77836585,0.53649545,-0.2418704
0.38775638,0.7438062,0.3560498
-0.52697784,-0.44777626,0.07920158
-0.99938136,-1.0468962,-0.047514856
0.007820688,-0.07887262,-0.08669331
-0.80879486,-0.83375686,-0.024962008
1.696951,1.6926699,-0.004281163
0.19894442,0.15812522,-0.040819198
0.6375484,0.4899431,-0.1476053
-0.20594473,0.0196082,0.22555293
0.3296598,0.4765154,0.14685562
-1.018837,-0.9002761,0.11856085
-0.64232486,-0.6947739,-0.052449048
-0.9351109,-0.8971925,0.03791845
-0.61750644,-0.5706854,0.046821058
0.024106363,-0.0922974,-0.11640376
-1.2151138,-0.47379538,0.74131835
-0.38352323,-0.3156597,0.067863524
-0.2030778,-0.058166534,0.14491126
-1.012365,-0.6546037,0.35776126
-1.095249,-0.9878463,0.10740274
-0.91012055,-1.0123107,-0.1021902
-0.020800654,0.2440696,0.26487026
0.2540369,-0.068363085,-0.32239997
0.33773112,0.33862352,0.00089240074
-0.6467413,-0.7234342,-0.07669294
-0.22654225,-0.22184065,0.0047015995
-1.2723528,-0.97767603,0.29467678
0.9934464,0.90286386,-0.09058255
-0.64204335,-0.6584901,-0.01644677
-1.0670999,-1.0493956,0.017704368
-0.6157124,-0.5387986,0.07691383
-0.51525694,-0.3726976,0.14255935
-0.63357246,-0.5552283,0.07834417
0.57369477,0.597805,0.024110258
0.39889646,0.40652788,0.007631421
-0.8338877,-0.76855785,0.06532985
-0.5493335,-0.35431042,0.19502309
-0.2843112,-0.18005261,0.1042586
-0.5669842,-0.50618625,0.06079793
1.42805,1.440583,0.012532949
-0.9774296,-1.0885609,-0.11113131
-0.23358768,-0.2701546,-0.036566913
0.84406596,0.84355676,-0.0005092025
-0.18704711,-0.059982598,0.12706451
-0.62261266,-0.5629422,0.05967045
0.21108375,-0.09260812,-0.30369186
-1.0465269,-1.0460072,0.0005197525
-0.4418258,-0.42509568,0.01673013
-0.16572623,-0.1886072,-0.022880971
-0.24717718,-0.23360088,0.013576299
-0.6099562,-0.626989,-0.017032802
-0.7767969,-0.34545267,0.4313442
0.8141411,0.7486106,-0.06553048
0.5012346,0.63530475,0.13407016
-0.53984326,-0.4863861,0.05345717
-0.24889205,-0.19804905,0.050843
1.3823354,1.3709416,-0.0113937855
-1.1256105,-1.0890911,0.03651941
0.08086277,0.24469638,0.16383362
-0.8546213,-0.73288953,0.12173176
0.64813244,0.61794025,-0.030192196
0.39965332,0.44757932,0.04792601
-0.80958015,-0.7581495,0.051430643
-0.4044492,-0.4234687,-0.019019514
1.736002,1.0665195,-0.66948247
-0.22626188,-0.76781493,-0.541553
-0.5939208,-0.74468714,-0.15076631
-0.7126649,-0.6896646,0.0230003
0.12897529,0.11068046,-0.018294826
-0.7564214,-0.7677931,-0.011371732
0.66595465,0.7645892,0.09863454
0.001229002,0.15837678,0.15714778
0.8146985,0.72678894,-0.08790958
-0.37222916,-0.2915577,0.08067146
0.48038894,0.5405256,0.060136676
-0.7415569,-0.88393277,-0.14237589
-0.45256653,-0.36465847,0.08790806
0.23327681,0.20846304,-0.024813771
0.33570087,0.10439339,-0.23130748
0.30043083,0.28198168,-0.018449157
-1.2632641,-1.193738,0.06952608
-0.09471657,-0.19039552,-0.09567895
-0.4896924,-0.50231695,-0.012624562
0.43426234,0.500062,0.06579965
-0.49894857,-0.386873,0.11207557
-0.7522775,-0.77936995,-0.027092457
-0.6709029,-0.5861762,0.08472669
0.8890929,1.0070468,0.1179539
-0.23878874,-0.08174395,0.1570448
-0.5689882,-0.5628214,0.0061668158
0.2957257,0.3917904,0.09606469
-0.5668082,-0.6378361,-0.071027875
-0.43189296,-0.29601154,0.13588142
-0.2101395,-0.15088817,0.059251323
-0.016753778,0.14140362,0.1581574
-0.13319238,-0.26636735,-0.13317497
-0.23952639,-0.7252838,-0.4857574
-1.0588849,-0.947541,0.11134386
-0.42357948,-0.31706607,0.10651341
-0.27061558,-0.27738112,-0.0067655444
-0.5947251,-0.69784665,-0.10312158
-0.31471667,-0.15613209,0.15858458
-0.50766224,-0.43606907,0.071593165
-0.36076486,-0.3222849,0.038479954
0.4782553,0.24247044,-0.23578486
-0.20845103,-0.21240309,-0.003952056
-0.08763644,0.0571737,0.14481014
-1.0997308,-0.99814,0.10159087
-0.010379918,-0.13876891,-0.128389
-0.27781326,-0.29261443,-0.014801174
-0.24931233,-0.199459,0.049853325
0.2941367,0.31873834,0.024601638
-0.6559904,-0.54460853,0.11138189
0.28480673,0.2447713,-0.040035427
0.99827015,0.8553089,-0.14296126
-0.41116565,-0.29760516,0.1135605
0.07521335,0.20664006,0.13142672
-1.2809893,-1.1995181,0.081471205
-0.9829438,-1.0670444,-0.084100604
-0.8599805,-0.8219272,0.038053334
-1.0267817,-0.9176317,0.10914999
0.72974175,1.286412,0.55667025
0.44208091,0.45309168,0.011010766
-0.025780609,0.0052087903,0.0309894
-0.618929,-0.858504,-0.23957497
-1.8798486,-1.8675253,0.01232326
-0.85170984,-0.053335056,0.7983748
-0.945819,-0.9735142,-0.027695179
0.7327118,0.7620614,0.029349625
0.50974053,0.52860224,0.018861711
-1.015661,-0.79704475,0.21861625
0.21814169,0.17766908,-0.04047261
-0.66028136,-0.26360214,0.39667922
-0.11177307,-0.15861252,-0.046839446
0.4386403,0.476763,0.038122714
-0.63293254,-0.7681187,-0.13518614
0.19123371,0.18133938,-0.009894326
-0.504656,0.20707306,0.71172905
0.13436201,-0.64311016,-0.77747214
-0.5166865,-0.5194657,-0.0027791858
0.059134115,0.013076991,-0.046057124
0.7079217,0.74823624,0.040314555
-0.8548724,-0.8766954,-0.021822989
-0.1695231,-0.032376125,0.13714698
-1.2043662,-1.2039137,0.00045251846
0.6667634,0.73892516,0.072161734
-0.84297115,-0.84039485,0.0025762916
-0.09330457,-0.009658828,0.08364574
-0.15127802,0.31349504,0.46477306
-0.9942861,-1.0103858,-0.016099632
0.93811804,1.1393528,0.20123476
-0.42082855,-0.3776331,0.043195456
-1.2961746,-1.3785397,-0.082365036
0.84563184,0.97338617,0.12775433
-0.8812209,-0.93768966,-0.056468785
-0.6304056,-0.5408543,0.08955133
-0.9239854,-0.7971354,0.12685001
-0.31888136,-0.5505679,-0.23168656
0.1200271,0.074927926,-0.045099176
-1.6035552,-1.6667054,-0.06315017
0.15257587,0.50183284,0.349257
-0.62293154,-0.5341994,0.08873212
0.47077686,0.5141239,0.04334706
-0.25892162,-0.24080929,0.018112332
-0.7961123,-0.8857837,-0.08967137
-1.683011,-0.7663369,0.91667414
-0.33870322,-0.24606112,0.0926421
0.89920384,0.9470459,0.047842085
-0.9244856,-0.9539458,-0.029460192
-0.8173658,-0.9129673,-0.0956015
-0.7601079,-0.93419135,-0.17408347
-0.58467865,-0.60589445,-0.021215796
0.49719894,0.5215247,0.024325788
-0.3910424,-0.49695042,-0.10590801
-0.59646386,-0.6244576,-0.027993739
-0.95307,-0.8380692,0.115000784
0.5274074,0.54077387,0.013366461
-0.2369698,-0.28924248,-0.052272677
-1.1738093,-1.1204472,0.05336213
-0.64800465,-0.81304574,-0.16504109
0.5187283,0.56564736,0.046919048
-0.5846477,-0.7079593,-0.12331158
-0.5452902,-0.51849866,0.026791513
0.48442698,0.407255,-0.07717198
-0.36606604,-0.27383623,0.09222981
0.80431265,0.6599114,-0.14440125
0.16478725,0.10113481,-0.06365244
0.6277597,0.6448009,0.017041206
-0.20180629,-0.30024052,-0.098434225
0.20399843,0.16981632,-0.034182116
-0.5836729,-0.505964,0.0777089
0.35082564,-0.018236578,-0.36906222
0.71094364,0.62388426,-0.08705938
-0.62611777,-0.6234424,0.0026753545
0.7897806,0.71681,-0.07297063
0.83367896,0.7959349,-0.037744045
0.7381303,0.86621344,0.12808317
-0.31827712,-0.18627073,0.13200639
0.39229673,0.35336858,-0.03892815
-1.3848019,-0.7670734,0.6177285
-0.13051641,-0.11297064,0.017545767
0.7596884,0.81130767,0.05161929
-0.23574801,-0.23722646,-0.0014784485
-1.6185423,-1.1946077,0.42393458
0.41398326,0.3859713,-0.028011948
0.36592725,0.43608373,0.070156485
-0.7162394,-0.7559097,-0.03967029
0.82032186,0.8921281,0.07180625
0.6988625,0.5097861,-0.18907636
0.33946195,0.3296842,-0.009777755
-1.7470534,-1.3690717,0.37798166
0.32550883,0.41439962,0.08889079
0.6239796,0.6589342,0.034954548
-0.5576524,-0.56012726,-0.0024748445
-0.13802812,-0.026598737,0.11142938
0.29852304,0.14091074,-0.1576123
-1.2949936,-1.3624445,-0.06745088
-0.30236486,-0.2811254,0.02123946
-0.929504,-0.947565,-0.018061042
0.4502827,0.15724075,-0.29304194
-0.017244445,-0.07807645,-0.06083201
0.0293253,0.027385011,-0.0019402895
0.3445251,0.302208,-0.042317092
1.0511917,0.97489476,-0.076296926
1.0118401,0.9878764,-0.02396369
0.453775,0.46594894,0.012173951
-0.32906863,-0.14486305,0.18420558
-0.4447835,-1.0192196,-0.5744361
-0.08027113,-0.12445919,-0.04418806
0.97040546,0.99778223,0.027376771
-0.7790389,-0.57170266,0.20733625
-0.22604266,-0.22987588,-0.0038332194
-0.4328119,-0.47865465,-0.045842767
0.5923118,0.67187494,0.07956314
-1.2006061,-0.87437767,0.32622844
-1.1853763,-1.1030165,0.08235979
0.26879758,0.35523492,0.086437345
0.6962079,0.92702043,0.23081255
0.8529547,0.8800312,0.027076542
-0.093585394,-0.40034005,-0.30675465
-0.99875236,-0.9806099,0.018142462
-0.9570856,-0.947423,0.009662628
0.27082142,0.2748289,0.0040074885
-0.17629889,-0.28312814,-0.106829256
-1.0672407,-1.0519092,0.015331507
-0.49770954,-0.43207636,0.06563318
0.46689838,0.12523523,-0.34166315
-0.31057364,-0.32126448,-0.010690838
0.57896465,0.68478495,0.1058203
0.466117,0.62193125,0.15581426
-0.63623506,-0.4890042,0.14723086
-1.2305896,-1.0444162,0.18617344
0.79209846,-0.016321465,-0.80841994
-0.024201399,-0.05533117,-0.031129772
0.49616218,0.62056684,0.12440467
0.009033091,-0.09961171,-0.1086448
1.0598856,1.1052521,0.045366526
-0.15883107,-0.14174426,0.017086819
0.115070455,-0.70685154,-0.821922
-0.1276618,-0.39996105,-0.27229926
-0.65495956,-0.76745313,-0.112493575
-0.7315892,-0.71704155,0.014547646
-0.98601395,-0.5728495,0.41316444
0.08999893,-0.06807679,-0.15807572
0.35097882,0.48242617,0.13144735
-0.6166272,-0.601184,0.015443206
-0.17418157,-0.060450584,0.11373098
0.1940286,0.5619465,0.3679179
-0.5776209,-0.57658774,0.0010331869
0.84541386,0.86156166,0.016147792
0.76858497,0.6993823,-0.06920266
-0.46477684,-0.1287491,0.33602774
0.5585861,0.23594654,-0.32263958
0.25147876,0.12486309,-0.12661567
-1.104472,-1.099467,0.005005002
-0.3185309,-0.746166,-0.4276351
0.41439903,0.27021685,-0.14418218
-0.38717362,-0.31993946,0.06723416
0.21927124,0.020470887,-0.19880036
-0.5453412,-0.7455921,-0.20025092
-0.8127487,-0.7840243,0.028724372
-0.53493464,-0.528726,0.006208658
0.031925213,0.0042929947,-0.027632218
-0.07804048,-0.11180286,-0.03376238
-0.47988138,-0.59041667,-0.110535294
1.1406115,1.1009288,-0.039682746
-0.705885,-0.93576473,-0.22987974
-0.08520782,-0.18215433,-0.09694651
-0.17246807,-0.18271473,-0.010246664
-0.22449623,-0.056396633,0.1680996
-0.67948174,-0.61448586,0.064995885
-0.59697556,-0.60103476,-0.0040591955
0.20177636,0.24164665,0.039870292
-0.61874485,-0.6290694,-0.010324538
-0.8795977,-0.9463799,-0.06678218
-0.95220536,-0.97384334,-0.021637976
-0.5874559,-0.66354823,-0.0760923
-0.010807409,-0.27347687,-0.26266947
-0.49289694,-0.29449028,0.19840667
-0.38853177,-0.78203803,-0.39350626
-0.113452695,-0.22319445,-0.109741755
-0.87263405,-0.71441907,0.15821499
-0.2909263,-0.27417284,0.016753465
-0.81612575,-0.63760114,0.17852461
-0.23218073,-0.28179917,-0.049618438
1.3524226,0.11730924,-1.2351134
-0.1356297,-0.18656942,-0.050939724
-0.81325847,-0.8435648,-0.03030634
-1.3411119,-1.3019142,0.039197683
0.28932935,-0.010276839,-0.2996062
0.18559986,0.2876768,0.10207695
-0.5798252,-0.6679772,-0.08815199
-0.2518574,-0.5956717,-0.3438143
-0.9253174,-0.9292982,-0.0039808154
0.37892872,0.19370633,-0.18522239
-0.100112334,-0.04222262,0.057889715
-0.17400251,0.013382196,0.18738471
-0.26612285,-0.15399483,0.11212802
-0.93158525,-1.0215595,-0.089974225
-0.85930735,-0.72682685,0.1324805
0.8887314,0.8466625,-0.0420689
0.61516273,0.45958328,-0.15557945
-0.35425067,-0.47283542,-0.11858475
0.01638166,0.089545906,0.07316425
-1.0065117,-1.0566285,-0.050116777
0.45357147,0.43921673,-0.014354736
-0.66330427,-0.8059602,-0.14265591
-0.19232857,-0.23235062,-0.040022045
0.86206007,0.8890221,0.026962042
-0.6338076,-1.0031832,-0.36937565
-0.091539636,-0.10433564,-0.012796007
-0.22772878,-0.5044178,-0.276689
0.8506461,0.92207754,0.07143146
0.8797875,0.82684696,-0.052940547
0.3378492,0.026397407,-0.3114518
0.6036674,0.5384124,-0.06525499
-0.7554682,-0.77037084,-0.014902651
0.054710656,0.2555099,0.20079926
0.5629336,0.67008734,0.10715371
-0.24434459,-0.7492266,-0.50488204
1.0886272,0.9191717,-0.16945553
0.51578724,0.09275231,-0.42303494
-0.6815838,-0.6572339,0.024349928
-0.09094929,-0.21430244,-0.123353146
0.9762737,1.0398774,0.0636037
0.8144882,0.8523581,0.03786993
-0.5497066,-0.33020312,0.21950346
-0.72533315,-0.757526,-0.032192826
-0.41331303,-0.24590664,0.1674064
0.6675187,0.63284963,-0.03466904
-0.66564256,-0.6573582,0.00828433
1.4556011,1.4132109,-0.042390227
-0.6745829,-0.66787744,0.006705463
0.13190737,0.22258434,0.09067696
-0.4661781,-0.4256879,0.04049018
-1.3888856,-1.2515965,0.13728917
0.34054968,0.33641124,-0.00413844
-0.38863203,-0.31512392,0.07350811
-0.8083929,-0.8154935,-0.0071006417
0.67935395,0.5271003,-0.15225363
0.09491484,-0.42812067,-0.5230355
0.24003829,0.37941742,0.13937913
-0.6066137,-0.5813107,0.025303006
-0.5128989,-0.4669274,0.045971513
-0.5967074,-0.703193,-0.106485605
-0.11393719,-0.23006384,-0.11612665
-0.42381132,-0.48326,-0.05944869
0.68878776,0.5727231,-0.11606467
-0.5674911,-0.5017828,0.06570834
-0.7885402,-0.7836798,0.004860401
1.1061605,1.1529595,0.046798944
0.04597554,0.07056317,0.024587628
0.18327819,0.22613698,0.042858794
-0.8972936,-0.8386178,0.058675826
-0.17714244,-0.16281225,0.014330193
0.5352678,0.5841685,0.048900723
-0.5619918,-0.25873432,0.3032575
0.35903177,0.6030379,0.24400613
-0.8315988,-0.84626955,-0.01467073
0.15286757,-0.1294154,-0.28228295
0.61544484,0.3794275,-0.23601735
