targets,predictions,residuals
-0.5463348031044006,-0.6181640625,0.07182925939559937
-0.18315839767456055,0.259765625,-0.44292402267456055
-0.47859272360801697,-0.4248046875,-0.05378803610801697
-0.2986564040184021,-0.29248046875,-0.0061759352684021
-0.5317537188529968,-0.51171875,-0.020034968852996826
0.5057612657546997,0.52734375,-0.021582484245300293
0.732883632183075,0.720703125,0.012180507183074951
-0.4649156928062439,-0.48388671875,0.018971025943756104
-0.8515321016311646,-0.849609375,-0.0019227266311645508
0.9269111752510071,0.91796875,0.00894242525100708
0.6355811357498169,0.5029296875,0.1326514482498169
0.9245394468307495,0.974609375,-0.05006992816925049
-1.0742100477218628,-1.0654296875,-0.008780360221862793
-0.9651336073875427,-0.98095703125,0.015823423862457275
-0.9249297976493835,-0.92822265625,0.003292858600616455
0.6764450669288635,0.703125,-0.026679933071136475
-0.06915447115898132,-0.04833984375,-0.020814627408981323
-0.6223598122596741,-0.625,0.0026401877403259277
-0.15316607058048248,-0.157958984375,0.004792913794517517
-0.6331749558448792,-0.6103515625,-0.02282339334487915
-0.23053117096424103,-0.25,0.019468829035758972
-0.841050922870636,-0.857421875,0.016370952129364014
-0.20431232452392578,-0.2039794921875,-0.00033283233642578125
0.8101552724838257,0.8193359375,-0.009180665016174316
0.7550786137580872,0.72607421875,0.029004395008087158
0.7888034582138062,0.7265625,0.06224095821380615
-0.4644315242767334,-0.44775390625,-0.0166776180267334
-0.06321204453706741,-0.10723876953125,0.04402672499418259
0.5335193276405334,0.61279296875,-0.07927364110946655
-0.21311411261558533,-0.1817626953125,-0.03135141730308533
-0.3191995918750763,-0.30810546875,-0.011094123125076294
0.864580512046814,0.8271484375,0.037432074546813965
-0.6333052515983582,-0.5263671875,-0.10693806409835815
-0.32718151807785034,-0.5673828125,0.24020129442214966
-0.7979298830032349,-0.81884765625,0.020917773246765137
-0.8253263831138611,-0.83544921875,0.010122835636138916
-0.869518518447876,-0.96435546875,0.09483695030212402
0.9850456118583679,-0.00316619873046875,0.9882118105888367
-0.44694003462791443,-0.50927734375,0.06233730912208557
0.3641902208328247,0.34912109375,0.015069127082824707
-0.35659462213516235,-0.50390625,0.14731162786483765
-0.2746666669845581,-0.248291015625,-0.026375651359558105
-0.40422987937927246,-0.358154296875,-0.04607558250427246
0.7558789253234863,0.71875,0.03712892532348633
1.1615071296691895,1.1474609375,0.014046192169189453
-0.46867895126342773,-0.471923828125,0.0032448768615722656
-0.7711023092269897,-0.779296875,0.008194565773010254
-0.6939226984977722,-0.8125,0.11857730150222778
-0.7118632793426514,-0.76220703125,0.05034375190734863
-0.2809613347053528,-0.2489013671875,-0.03205996751785278
0.34861496090888977,0.400390625,-0.05177566409111023
-0.43121492862701416,-1.078125,0.6469100713729858
-0.7602210640907288,-0.81689453125,0.05667346715927124
-0.3546009361743927,-0.334716796875,-0.0198841392993927
0.5963136553764343,0.4833984375,0.11291521787643433
-0.8392010927200317,-0.79296875,-0.04623234272003174
-0.8903630375862122,-0.86376953125,-0.026593506336212158
-0.6964126229286194,-0.65234375,-0.044068872928619385
1.7010343074798584,1.724609375,-0.0235750675201416
0.3747325837612152,0.31982421875,0.05490836501121521
-0.5594938397407532,-0.280517578125,-0.2789762616157532
0.7400187253952026,0.74951171875,-0.009492993354797363
1.0763355493545532,1.140625,-0.06428945064544678
-0.11469069868326187,-0.08465576171875,-0.03003493696451187
0.806853175163269,0.66162109375,0.14523208141326904
0.5005506277084351,0.5732421875,-0.07269155979156494
0.34348535537719727,0.36181640625,-0.018331050872802734
-0.29106494784355164,-0.30517578125,0.014110833406448364
0.47509947419166565,-0.0236663818359375,0.49876585602760315
-0.04284418746829033,-0.0321044921875,-0.010739695280790329
-0.9399041533470154,-0.845703125,-0.09420102834701538
-0.07522600889205933,-0.12744140625,0.052215397357940674
-0.3427804410457611,-0.40283203125,0.06005159020423889
-0.9007139801979065,-0.93359375,0.032879769802093506
0.9687439203262329,0.78759765625,0.1811462640762329
0.22212740778923035,0.2408447265625,-0.018717318773269653
-0.5989275574684143,-0.4814453125,-0.1174822449684143
-0.6340267658233643,-0.6826171875,0.04859042167663574
0.5493967533111572,0.49462890625,0.05476784706115723
-1.067521095275879,-1.0810546875,0.013533592224121094
0.6891374588012695,0.673828125,0.015309333801269531
-0.9995042085647583,-0.97314453125,-0.0263596773147583
-1.1463485956192017,-1.1962890625,0.04994046688079834
-0.2940410375595093,-0.301025390625,0.006984353065490723
-0.4084303677082062,-0.40576171875,-0.0026686489582061768
-0.9995255470275879,-1.03125,0.03172445297241211
-1.7546441555023193,-1.744140625,-0.010503530502319336
-0.12930037081241608,-0.0203704833984375,-0.10892988741397858
-0.33740729093551636,-0.29638671875,-0.04102057218551636
-0.31790244579315186,-0.301513671875,-0.016388773918151855
-0.7519537806510925,-0.98291015625,0.23095637559890747
-0.2688533663749695,-0.28759765625,0.018744289875030518
-0.5275309681892395,-0.51171875,-0.015812218189239502
-0.20130111277103424,-0.2086181640625,0.007317051291465759
-0.1310848593711853,-0.1044921875,-0.026592671871185303
-0.2455017864704132,-0.2052001953125,-0.04030159115791321
-0.5802850723266602,-0.5947265625,0.014441490173339844
0.8346170783042908,0.853515625,-0.01889854669570923
-0.41955190896987915,-0.44970703125,0.03015512228012085
-0.7366834282875061,-0.919921875,0.1832384467124939
0.8316479325294495,0.8515625,-0.019914567470550537
-0.8880051374435425,-0.8369140625,-0.05109107494354248
-0.9534133076667786,-0.744140625,-0.20927268266677856
-0.6642183065414429,-0.66015625,-0.004062056541442871
0.0692586824297905,0.0246734619140625,0.044585220515728
0.5373335480690002,0.697265625,-0.15993207693099976
-0.6107131242752075,-0.60693359375,-0.0037795305252075195
1.2181591987609863,0.3662109375,0.8519482612609863
-0.5287145972251892,-0.53955078125,0.010836184024810791
-0.07114443182945251,-0.0753173828125,0.004172950983047485
-0.29552337527275085,-0.09130859375,-0.20421478152275085
0.1547640711069107,0.2252197265625,-0.0704556554555893
0.48482850193977356,0.48486328125,-3.477931022644043e-05
-1.663159728050232,-1.48828125,-0.17487847805023193
-0.6213762164115906,-0.337890625,-0.2834855914115906
-0.7194075584411621,-0.77880859375,0.05940103530883789
-0.853507399559021,-0.210205078125,-0.643302321434021
-0.37749627232551575,-0.3740234375,-0.003472834825515747
0.7726817727088928,0.712890625,0.05979114770889282
-1.2069692611694336,-1.2021484375,-0.004820823669433594
-1.299509048461914,-1.3173828125,0.017873764038085938
-1.0422859191894531,-1.013671875,-0.028614044189453125
-0.16569869220256805,-0.364013671875,0.19831497967243195
-1.0163706541061401,-0.7890625,-0.22730815410614014
-0.40585097670555115,-0.2303466796875,-0.17550429701805115
-0.25868692994117737,-0.2763671875,0.017680257558822632
0.6293537020683289,0.681640625,-0.05228692293167114
0.47085437178611755,0.60400390625,-0.13314953446388245
-0.07175968587398529,0.0496826171875,-0.12144230306148529
1.2637726068496704,1.2646484375,-0.0008758306503295898
-0.8168707489967346,-0.82763671875,0.01076596975326538
-0.7775546908378601,-0.74462890625,-0.03292578458786011
-0.924261748790741,-0.91943359375,-0.004828155040740967
-0.6365692019462585,-0.63330078125,-0.003268420696258545
0.8907347321510315,0.9677734375,-0.0770387053489685
-0.3219042718410492,-0.1982421875,-0.1236620843410492
-0.06979978829622269,-0.10906982421875,0.03927003592252731
0.23231732845306396,0.1717529296875,0.060564398765563965
-0.381748765707016,-0.35498046875,-0.02676829695701599
-0.576694667339325,-0.765625,0.18893033266067505
-0.14706306159496307,-0.147705078125,0.0006420165300369263
0.8557279706001282,0.8525390625,0.003188908100128174
-0.8248335123062134,-0.83642578125,0.011592268943786621
1.1869019269943237,0.7568359375,0.43006598949432373
0.14895905554294586,0.0413818359375,0.10757721960544586
0.3224031925201416,0.376953125,-0.0545499324798584
0.43034568428993225,0.46240234375,-0.03205665946006775
-0.07801789790391922,-0.04833984375,-0.02967805415391922
-0.21192796528339386,-0.271728515625,0.05980055034160614
0.08564075827598572,-0.07470703125,0.16034778952598572
-1.1454254388809204,-0.947265625,-0.1981598138809204
0.6948066353797913,0.8212890625,-0.12648242712020874
-0.4568161070346832,-0.4228515625,-0.03396454453468323
-0.6711943745613098,-0.6982421875,0.027047812938690186
-0.7754173278808594,-0.79052734375,0.015110015869140625
-0.24555784463882446,-0.2373046875,-0.008253157138824463
-0.18990783393383026,-0.2303466796875,0.04043884575366974
-0.9250116348266602,-0.1650390625,-0.7599725723266602
0.952445924282074,0.923828125,0.028617799282073975
-0.24281670153141022,-0.2012939453125,-0.04152275621891022
-0.4447835385799408,-1.0419921875,0.5972086489200592
1.0688834190368652,1.0087890625,0.060094356536865234
-0.3553534746170044,-0.335205078125,-0.020148396492004395
-0.02593163214623928,-0.0176849365234375,-0.00824669562280178
-0.9113500118255615,-0.912109375,0.0007593631744384766
-0.7613093852996826,-0.796875,0.03556561470031738
-0.36153465509414673,-0.14208984375,-0.21944481134414673
-1.01722252368927,-1.0263671875,0.00914466381072998
-1.0053600072860718,-1.025390625,0.020030617713928223
-0.8551270365715027,-0.85791015625,0.0027831196784973145
-0.4310533404350281,-0.429443359375,-0.0016099810600280762
-1.0145550966262817,-1.02734375,0.012788653373718262
-0.23939813673496246,-0.1956787109375,-0.04371942579746246
-0.06499166786670685,0.036376953125,-0.10136862099170685
-0.8083397746086121,-0.8115234375,0.0031836628913879395
0.2931354343891144,0.33544921875,-0.04231378436088562
-0.41316866874694824,-0.4296875,0.016518831253051758
-0.8714681267738342,-0.904296875,0.03282874822616577
0.5267062783241272,0.5673828125,-0.0406765341758728
-1.116336464881897,-1.03125,-0.08508646488189697
-1.8149197101593018,-1.7783203125,-0.03659939765930176
0.28501203656196594,0.271484375,0.013527661561965942
0.837703287601471,0.8984375,-0.06073421239852905
0.04734740033745766,0.0865478515625,-0.03920045122504234
0.22789180278778076,0.51611328125,-0.28822147846221924
-0.9396790266036987,-0.931640625,-0.00803840160369873
0.1743142157793045,0.2034912109375,-0.029176995158195496
-0.5000422596931458,-0.48291015625,-0.017132103443145752
-1.0021231174468994,-0.912109375,-0.09001374244689941
-1.2772424221038818,-1.271484375,-0.005758047103881836
-1.0257062911987305,-1.0107421875,-0.014964103698730469
-0.9559012055397034,-0.931640625,-0.02426058053970337
-0.9534821510314941,-0.90087890625,-0.05260324478149414
-1.1585428714752197,-1.1728515625,0.014308691024780273
-0.897243857383728,-0.8857421875,-0.011501669883728027
-0.49347442388534546,-0.6416015625,0.14812713861465454
-0.9865953922271729,-0.66943359375,-0.31716179847717285
1.10394287109375,1.2021484375,-0.09820556640625
0.6376636624336243,0.63232421875,0.005339443683624268
-1.288730502128601,-1.25390625,-0.034824252128601074
-1.0021352767944336,-1.0908203125,0.0886850357055664
0.45958733558654785,0.4501953125,0.009392023086547852
0.12845228612422943,0.1468505859375,-0.01839829981327057
-0.23175214231014252,-0.2384033203125,0.006651178002357483
-1.010410189628601,-1.0986328125,0.08822262287139893
-0.07434993237257004,-0.1278076171875,0.05345768481492996
-0.3353421986103058,-0.3466796875,0.011337488889694214
-0.4617709815502167,-0.321044921875,-0.14072605967521667
0.993446409702301,1.181640625,-0.18819421529769897
-1.0900098085403442,-1.08984375,-0.00016605854034423828
0.7843101620674133,0.75341796875,0.03089219331741333
-0.49312958121299744,-0.6279296875,0.13480010628700256
-0.9021245837211609,-0.86669921875,-0.03542536497116089
0.5314384698867798,0.529296875,0.002141594886779785
1.1833807229995728,0.611328125,0.5720525979995728
0.14423012733459473,0.26708984375,-0.12285971641540527
0.11483586579561234,0.1343994140625,-0.019563548266887665
-1.4741137027740479,-1.275390625,-0.19872307777404785
-1.0743324756622314,-0.955078125,-0.11925435066223145
1.0045709609985352,0.953125,0.051445960998535156
-0.25603818893432617,-0.27587890625,0.019840717315673828
-0.2459038347005844,-0.3935546875,0.1476508527994156
-0.6373724341392517,-0.6328125,-0.004559934139251709
-0.12132032215595245,-0.12249755859375,0.0011772364377975464
-0.495866984128952,0.1192626953125,-0.615129679441452
0.05267702043056488,0.0394287109375,0.01324830949306488
0.5197693109512329,0.66357421875,-0.1438049077987671
-0.2701694369316101,-0.248779296875,-0.021390140056610107
0.8926777243614197,0.7470703125,0.14560741186141968
-0.4555620849132538,-0.458740234375,0.003178149461746216
1.271315574645996,1.1123046875,0.1590108871459961
-0.07139749825000763,0.0770263671875,-0.14842386543750763
-1.1533186435699463,-1.0908203125,-0.06249833106994629
0.2977179288864136,0.30078125,-0.0030633211135864258
0.26969271898269653,0.2232666015625,0.04642611742019653
-0.943548321723938,-0.5458984375,-0.397649884223938
0.8130810260772705,0.9033203125,-0.09023928642272949
-0.15780861675739288,-0.0718994140625,-0.08590920269489288
-0.6734125018119812,-0.76416015625,0.0907476544380188
-0.9716427326202393,-0.93603515625,-0.03560757637023926
-1.2112669944763184,-1.29296875,0.08170175552368164
-0.9444251656532288,-0.701171875,-0.24325329065322876
-0.4457821846008301,-0.451171875,0.005389690399169922
-0.22505582869052887,-0.1591796875,-0.06587614119052887
-0.06880999356508255,0.0928955078125,-0.16170550137758255
-0.2736809253692627,-0.2578125,-0.015868425369262695
0.5234814882278442,0.5498046875,-0.02632319927215576
-1.1962449550628662,-1.1982421875,0.001997232437133789
1.0913130044937134,1.125,-0.03368699550628662
0.02817698009312153,-0.0753173828125,0.10349436290562153
0.29009655117988586,0.1319580078125,0.15813854336738586
-0.631140410900116,-0.5478515625,-0.08328884840011597
0.8453186750411987,0.814453125,0.03086555004119873
-1.0809342861175537,-1.080078125,-0.0008561611175537109
-0.2440442144870758,-0.2078857421875,-0.036158472299575806
0.7536585927009583,0.7236328125,0.030025780200958252
-0.4236683249473572,-0.404296875,-0.019371449947357178
0.38509413599967957,0.43359375,-0.048499614000320435
-0.8513363003730774,-0.826171875,-0.025164425373077393
-1.2040362358093262,-1.220703125,0.016666889190673828
-1.0038615465164185,-1.0146484375,0.010786890983581543
0.9090977907180786,0.9345703125,-0.025472521781921387
-0.8454498648643494,-0.5556640625,-0.28978580236434937
0.3206343352794647,0.34326171875,-0.02262738347053528
-1.1853185892105103,-1.1171875,-0.06813108921051025
0.8467381000518799,0.8193359375,0.027402162551879883
0.4685809016227722,-0.2017822265625,0.6703631281852722
0.17348916828632355,0.1986083984375,-0.025119230151176453
0.46716246008872986,0.44287109375,0.02429136633872986
-0.17285855114459991,-0.173583984375,0.0007254332304000854
0.7632885575294495,0.7841796875,-0.020891129970550537
-1.4153417348861694,-1.427734375,0.012392640113830566
-0.2622188329696655,-0.2352294921875,-0.026989340782165527
-0.14432169497013092,-0.19970703125,0.05538533627986908
-0.23059524595737457,-0.20068359375,-0.029911652207374573
-0.01844632439315319,-0.1279296875,0.10948336310684681
-0.3344879448413849,-0.294677734375,-0.03981021046638489
0.38676029443740845,0.3291015625,0.05765873193740845
0.09465228766202927,-0.32275390625,0.41740619391202927
0.9744398593902588,0.4267578125,0.5476820468902588
-0.06765811145305634,-0.0396728515625,-0.027985259890556335
0.3730024993419647,0.55078125,-0.17777875065803528
0.8009853363037109,0.52685546875,0.27412986755371094
0.04794863611459732,0.0626220703125,-0.01467343419790268
-0.4252108037471771,-0.34521484375,-0.07999595999717712
-0.3612983226776123,-0.3388671875,-0.022431135177612305
-1.3059138059616089,-1.345703125,0.03978931903839111
-0.6208325028419495,-0.6357421875,0.014909684658050537
-0.21261736750602722,-0.204345703125,-0.008271664381027222
-0.8427702784538269,-0.8359375,-0.006832778453826904
-0.3141031861305237,-0.284423828125,-0.02967935800552368
-0.8874979019165039,-0.955078125,0.0675802230834961
-0.2265414297580719,-0.29150390625,0.0649624764919281
1.0093979835510254,0.9296875,0.07971048355102539
0.051782310009002686,0.1922607421875,-0.14047843217849731
1.007441520690918,1.1025390625,-0.09509754180908203
-1.1761584281921387,-1.1728515625,-0.003306865692138672
0.25194695591926575,-0.251708984375,0.5036559402942657
-0.840861976146698,-0.86669921875,0.025837242603302002
-0.7994940876960754,-0.89111328125,0.09161919355392456
-0.9512946605682373,-0.94140625,-0.009888410568237305
-1.2815158367156982,-1.26953125,-0.011984586715698242
-0.9498864412307739,-0.97802734375,0.028140902519226074
-0.360039621591568,-0.357666015625,-0.002373605966567993
-0.7062104940414429,-0.69384765625,-0.012362837791442871
-1.0633925199508667,-1.0810546875,0.0176621675491333
-0.4275776445865631,-0.59130859375,0.1637309491634369
0.2874319553375244,0.3388671875,-0.051435232162475586
0.14510810375213623,0.1324462890625,0.01266181468963623
-0.7216629385948181,-0.7197265625,-0.0019363760948181152
-0.1993178129196167,-0.19677734375,-0.0025404691696166992
-0.7832596898078918,-0.64892578125,-0.13433390855789185
-1.0993150472640991,-1.126953125,0.02763807773590088
-0.0035568000748753548,-0.050048828125,0.046492028050124645
0.10421021282672882,0.0836181640625,0.02059204876422882
-0.20052817463874817,-0.22607421875,0.02554604411125183
1.554409146308899,0.62353515625,0.9308739900588989
-0.25855058431625366,-0.217041015625,-0.04150956869125366
-0.16558358073234558,-0.1497802734375,-0.01580330729484558
-0.17872817814350128,-0.2440185546875,0.06529037654399872
-0.17760421335697174,-0.174072265625,-0.0035319477319717407
0.06637251377105713,0.00342559814453125,0.06294691562652588
-0.6765602827072144,-0.65673828125,-0.019822001457214355
0.7635334730148315,0.7529296875,0.010603785514831543
-0.5913793444633484,-0.60205078125,0.010671436786651611
-1.0551377534866333,-0.56787109375,-0.4872666597366333
-0.23675386607646942,-0.251953125,0.015199258923530579
-0.9000260829925537,-0.98388671875,0.08386063575744629
1.239349126815796,0.8681640625,0.3711850643157959
-0.8716468214988708,-0.1806640625,-0.6909827589988708
-1.0903123617172241,-1.111328125,0.02101576328277588
0.10770514607429504,-0.6923828125,0.800087958574295
-1.0687000751495361,-1.0234375,-0.04526257514953613
-0.601837158203125,-0.63037109375,0.028533935546875
-0.8634399175643921,-0.84619140625,-0.01724851131439209
-0.04840748757123947,-0.031982421875,-0.01642506569623947
0.006289775017648935,0.039794921875,-0.033505146857351065
0.6088991761207581,0.6953125,-0.08641332387924194
-0.2572142481803894,-0.2384033203125,-0.018810927867889404
-0.27895602583885193,-0.2822265625,0.0032705366611480713
1.1750115156173706,1.177734375,-0.0027228593826293945
0.41173720359802246,0.2462158203125,0.16552138328552246
-0.8508431315422058,-0.86181640625,0.01097327470779419
-0.9596911072731018,-0.958984375,-0.0007067322731018066
0.8339257836341858,0.875,-0.04107421636581421
-0.256796270608902,-0.179443359375,-0.07735291123390198
-0.047136783599853516,-0.0162200927734375,-0.030916690826416016
-0.69594407081604,-0.74072265625,0.04477858543395996
-0.5917584896087646,-0.607421875,0.01566338539123535
0.7372848391532898,0.6875,0.049784839153289795
0.7051149606704712,0.42431640625,0.2807985544204712
-1.1152297258377075,-1.134765625,0.01953589916229248
0.7721567749977112,0.841796875,-0.06964010000228882
-1.0072485208511353,-1.0009765625,-0.006271958351135254
-1.7922765016555786,-1.3857421875,-0.4065343141555786
0.016501527279615402,-0.0621337890625,0.0786353163421154
0.7044200897216797,0.677734375,0.026685714721679688
-0.37163662910461426,-0.276611328125,-0.09502530097961426
-0.7935441136360168,-0.94140625,0.14786213636398315
-0.6508342623710632,-0.52197265625,-0.12886160612106323
-0.6197230815887451,-0.6455078125,0.025784730911254883
0.4777263104915619,0.515625,-0.03789868950843811
-0.7330256700515747,-0.73583984375,0.002814173698425293
0.8206795454025269,0.69921875,0.12146079540252686
-0.666458249092102,-0.60546875,-0.06098949909210205
-0.24791987240314484,-0.300048828125,0.052128955721855164
-0.9031242728233337,-0.599609375,-0.30351489782333374
-0.6896970272064209,-0.66943359375,-0.0202634334564209
-0.07772863656282425,-0.01561737060546875,-0.0621112659573555
-0.593409538269043,-0.69384765625,0.10043811798095703
0.5071422457695007,0.49072265625,0.016419589519500732
0.6084311604499817,0.5869140625,0.02151709794998169
-0.355953186750412,-0.22314453125,-0.132808655500412
-0.7601078748703003,-0.81591796875,0.05581009387969971
-0.37625399231910706,-0.36328125,-0.012972742319107056
-0.746658444404602,-0.70947265625,-0.03718578815460205
-0.2749539017677307,-0.263671875,-0.011282026767730713
-0.88393634557724,-1.1142578125,0.23032146692276
-0.1374950408935547,-0.2266845703125,0.08918952941894531
-1.0196675062179565,-1.0107421875,-0.008925318717956543
-0.5281040072441101,-0.50341796875,-0.024686038494110107
-0.0238412544131279,0.349609375,-0.3734506294131279
-0.4459039568901062,-0.50732421875,0.0614202618598938
0.5868552923202515,0.47412109375,0.11273419857025146
-1.1677885055541992,-1.0712890625,-0.09649944305419922
-0.5941377282142639,-0.495361328125,-0.09877640008926392
-0.126299187541008,-0.1361083984375,0.009809210896492004
-0.27271711826324463,-0.2822265625,0.009509444236755371
-0.5391322374343872,-0.513671875,-0.025460362434387207
0.7053970098495483,0.724609375,-0.01921236515045166
-1.7531931400299072,-1.720703125,-0.03249001502990723
-1.332087516784668,-1.431640625,0.09955310821533203
-0.2583901882171631,-0.1875,-0.07089018821716309
0.39852097630500793,0.43115234375,-0.032631367444992065
-0.1820802241563797,-0.09967041015625,-0.0824098140001297
-0.22652313113212585,0.0173492431640625,-0.24387237429618835
-1.2642154693603516,-0.9921875,-0.27202796936035156
-0.093976691365242,-0.0765380859375,-0.017438605427742004
-0.25583502650260925,-0.2398681640625,-0.015966862440109253
0.3997160494327545,0.42724609375,-0.027530044317245483
1.1306240558624268,-0.2880859375,1.4187099933624268
-0.18339194357395172,-0.1611328125,-0.02225913107395172
1.3343216180801392,1.1767578125,0.15756380558013916
-0.27771517634391785,-0.2861328125,0.008417636156082153
0.43807798624038696,0.3857421875,0.05233579874038696
0.8457302451133728,0.8115234375,0.0342068076133728
0.9507663249969482,0.9189453125,0.03182101249694824
0.9744398593902588,0.55810546875,0.4163343906402588
0.17796871066093445,0.1173095703125,0.06065914034843445
-0.5354374647140503,-0.603515625,0.06807816028594971
0.05298899859189987,0.1068115234375,-0.05382252484560013
-0.6298171281814575,-0.62939453125,-0.00042259693145751953
-1.5050129890441895,-1.525390625,0.020377635955810547
0.2647281289100647,0.396484375,-0.1317562460899353
-0.05481529235839844,0.0234527587890625,-0.07826805114746094
-1.470015048980713,-1.462890625,-0.007124423980712891
-0.09762246906757355,-0.104736328125,0.007113859057426453
-0.21771174669265747,-0.23291015625,0.01519840955734253
-0.39221036434173584,-0.31640625,-0.07580411434173584
0.7471209168434143,0.6572265625,0.0898943543434143
-1.0727264881134033,-1.06640625,-0.00632023811340332
-0.006464255042374134,0.0469970703125,-0.053461325354874134
-0.396129846572876,-0.441650390625,0.04552054405212402
0.46054571866989136,0.4208984375,0.03964728116989136
0.9761931300163269,1.0185546875,-0.042361557483673096
-0.23749089241027832,-0.2481689453125,0.01067805290222168
0.07727031409740448,0.0294342041015625,0.04783610999584198
1.2213318347930908,1.154296875,0.06703495979309082
-1.1899259090423584,-1.2041015625,0.014175653457641602
0.49744024872779846,0.47509765625,0.022342592477798462
0.20620496571063995,0.1759033203125,0.030301645398139954
-1.0424423217773438,-0.650390625,-0.39205169677734375
-0.0990593284368515,-0.0987548828125,-0.00030444562435150146
-0.17920967936515808,-0.1015625,-0.07764717936515808
-0.11595219373703003,0.1568603515625,-0.27281254529953003
1.773878812789917,1.50390625,0.269972562789917
0.49459412693977356,0.462890625,0.03170350193977356
0.5496465563774109,0.7919921875,-0.2423456311225891
-0.3388596773147583,-0.34521484375,0.006355166435241699
-1.5463883876800537,-1.533203125,-0.013185262680053711
-0.10761935263872147,-0.0855712890625,-0.022048063576221466
-0.8668674826622009,-0.91015625,0.04328876733779907
-0.8640478849411011,-0.853515625,-0.010532259941101074
0.497427374124527,0.5791015625,-0.08167418837547302
0.4121257960796356,0.42431640625,-0.01219061017036438
0.9363861680030823,0.85546875,0.08091741800308228
-0.2941705584526062,-0.35302734375,0.0588567852973938
0.6974265575408936,0.67138671875,0.026039838790893555
-1.08086097240448,-1.025390625,-0.05547034740447998
-0.2787724733352661,-0.363525390625,0.08475291728973389
-0.9584282040596008,-0.96240234375,0.00397413969039917
-0.20383000373840332,-0.178955078125,-0.02487492561340332
0.11371038854122162,0.1336669921875,-0.01995660364627838
1.0781100988388062,1.0927734375,-0.014663338661193848
-0.4489709734916687,-0.45556640625,0.006595432758331299
-0.4557912349700928,-0.42919921875,-0.026592016220092773
-0.9883832931518555,-0.98095703125,-0.007426261901855469
-0.6723012924194336,-0.6875,0.015198707580566406
0.3734438717365265,0.55908203125,-0.1856381595134735
-0.8724897503852844,-0.7900390625,-0.08245068788528442
-0.11529096215963364,-0.257568359375,0.14227739721536636
-0.8491929769515991,-0.80078125,-0.04841172695159912
-1.014872431755066,-1.0224609375,0.007588505744934082
-0.406623512506485,-0.263916015625,-0.14270749688148499
-0.996931254863739,-1.0126953125,0.015764057636260986
-0.5005156993865967,-0.48779296875,-0.01272273063659668
-0.8616970181465149,-0.88330078125,0.021603763103485107
0.6143028140068054,0.7265625,-0.11225968599319458
1.4394443035125732,0.45361328125,0.9858310222625732
-0.2957284152507782,-0.330322265625,0.0345938503742218
-0.45828118920326233,-0.431396484375,-0.02688470482826233
-0.8525794148445129,-0.84619140625,-0.0063880085945129395
-0.3563697934150696,-0.340576171875,-0.01579362154006958
0.3741389811038971,0.51220703125,-0.1380680501461029
-1.3442257642745972,-1.1826171875,-0.16160857677459717
0.05011751875281334,-0.078857421875,0.12897494062781334
-1.185522437095642,-1.1689453125,-0.01657712459564209
-0.0025113390292972326,0.0294342041015625,-0.03194554313085973
1.589380145072937,1.0908203125,0.498559832572937
-0.4916660189628601,-0.54833984375,0.05667382478713989
-0.9463360905647278,-0.947265625,0.0009295344352722168
0.959528386592865,1.046875,-0.08734661340713501
-0.7823801636695862,-0.7958984375,0.013518273830413818
0.46748992800712585,0.4931640625,-0.025674134492874146
0.024687256664037704,0.0179595947265625,0.0067276619374752045
-0.2961093485355377,-0.366455078125,0.07034572958946228
-1.0048136711120605,-1.015625,0.010811328887939453
1.255818247795105,-1.4375,2.693318247795105
-0.23016789555549622,-0.155517578125,-0.07465031743049622
-0.36879274249076843,-0.26123046875,-0.10756227374076843
-0.49132275581359863,-0.7099609375,0.21863818168640137
-0.5300785899162292,-0.51416015625,-0.015918433666229248
0.0678841769695282,0.0750732421875,-0.007189065217971802
-0.25879591703414917,-0.311767578125,0.05297166109085083
0.8124461770057678,0.65380859375,0.15863758325576782
-0.4004157781600952,-0.3583984375,-0.042017340660095215
0.2967643141746521,-0.29443359375,0.5911979079246521
-0.48182952404022217,-0.471923828125,-0.009905695915222168
0.32968470454216003,0.33984375,-0.010159045457839966
0.8196372389793396,0.802734375,0.0169028639793396
0.42067384719848633,0.4755859375,-0.05491209030151367
-0.33829668164253235,-0.34423828125,0.005941599607467651
0.8448673486709595,0.78759765625,0.05726969242095947
-1.3500003814697266,-0.8525390625,-0.49746131896972656
0.12117385864257812,0.1263427734375,-0.005168914794921875
-0.29293790459632874,-0.2666015625,-0.026336342096328735
0.97171550989151,1.01953125,-0.04781574010848999
1.4827516078948975,1.52734375,-0.04459214210510254
0.6096283197402954,0.4697265625,0.1399017572402954
0.31172165274620056,0.322265625,-0.010543972253799438
-0.8773566484451294,-0.84619140625,-0.031165242195129395
-1.0387228727340698,-1.0654296875,0.026706814765930176
0.7662993669509888,0.6826171875,0.08368217945098877
-0.2769547402858734,-0.23974609375,-0.03720864653587341
0.7501623630523682,0.775390625,-0.025228261947631836
-0.8601155877113342,-0.85595703125,-0.0041585564613342285
-0.03991774097084999,0.00342559814453125,-0.04334333911538124
-1.1064651012420654,-1.11328125,0.00681614875793457
0.8466055989265442,0.8935546875,-0.04694908857345581
-0.17169839143753052,-0.1783447265625,0.006646335124969482
0.590539276599884,0.62451171875,-0.03397244215011597
-0.6172701120376587,-0.6044921875,-0.012777924537658691
-1.4032291173934937,-1.3974609375,-0.005768179893493652
-1.3372036218643188,-1.2353515625,-0.10185205936431885
0.05979538336396217,-0.092529296875,0.15232468023896217
-0.29075008630752563,-0.2205810546875,-0.07016903162002563
1.077430009841919,1.017578125,0.059851884841918945
0.4562210142612457,0.58251953125,-0.12629851698875427
1.5663039684295654,0.3759765625,1.1903274059295654
-0.8857117295265198,-0.92138671875,0.035674989223480225
1.18791663646698,1.1962890625,-0.00837242603302002
0.269645094871521,0.28369140625,-0.014046311378479004
-0.34738704562187195,-0.1568603515625,-0.19052669405937195
-0.38870373368263245,-0.295166015625,-0.09353771805763245
-0.7237046360969543,-0.72607421875,0.0023695826530456543
0.7107482552528381,0.57568359375,0.13506466150283813
0.34283092617988586,0.3876953125,-0.044864386320114136
0.22621749341487885,0.2335205078125,-0.007303014397621155
-0.8602650165557861,-0.78173828125,-0.07852673530578613
-1.2118672132492065,-1.1865234375,-0.025343775749206543
-0.9942629933357239,-1.01171875,0.017455756664276123
-0.2303091287612915,-0.2548828125,0.024573683738708496
-0.5184465050697327,-0.56005859375,0.041612088680267334
-0.4757272005081177,-0.35302734375,-0.12269985675811768
0.19739259779453278,0.2900390625,-0.09264646470546722
-1.415510654449463,-1.4326171875,0.01710653305053711
-0.7144181728363037,-0.7177734375,0.003355264663696289
-0.1684156060218811,-0.1817626953125,0.013347089290618896
0.06380479782819748,0.1573486328125,-0.09354383498430252
-1.0930215120315552,-1.0771484375,-0.015873074531555176
-0.1963508129119873,-0.193359375,-0.0029914379119873047
-0.26198604702949524,-0.240478515625,-0.02150753140449524
-0.38556748628616333,-0.36962890625,-0.01593858003616333
-0.12111556529998779,-0.290771484375,0.1696559190750122
-1.41134774684906,-1.3994140625,-0.011933684349060059
0.28948885202407837,0.28466796875,0.004820883274078369
-0.3777393400669098,-0.34814453125,-0.02959480881690979
-0.24249190092086792,-0.47998046875,0.23748856782913208
-1.541554570198059,-1.251953125,-0.2896014451980591
-0.36378902196884155,1.0615234375,-1.4253124594688416
-0.338964581489563,-0.434814453125,0.09584987163543701
-0.9596637487411499,-0.91650390625,-0.0431598424911499
0.46369504928588867,0.43017578125,0.03351926803588867
-0.6309865713119507,-0.65771484375,0.026728272438049316
-1.0191317796707153,-0.57080078125,-0.44833099842071533
0.5824954509735107,0.74658203125,-0.16408658027648926
-0.6364461183547974,-0.6748046875,0.03835856914520264
-1.1966391801834106,-1.1884765625,-0.008162617683410645
-0.0039376150816679,-0.5234375,0.5194998849183321
0.7334461212158203,0.8505859375,-0.11713981628417969
-0.1818125993013382,-0.2322998046875,0.050487205386161804
-0.21056517958641052,-0.2724609375,0.06189575791358948
-0.11287172883749008,-0.12481689453125,0.011945165693759918
1.1571300029754639,0.9091796875,0.24795031547546387
0.8519020080566406,0.8623046875,-0.010402679443359375
0.7173284292221069,0.673828125,0.043500304222106934
0.32625246047973633,0.32666015625,-0.0004076957702636719
-0.22827725112438202,-0.245849609375,0.01757235825061798
-0.13598114252090454,-0.24072265625,0.10474151372909546
0.36848607659339905,0.4462890625,-0.07780298590660095
0.5027433633804321,0.6669921875,-0.16424882411956787
-0.9132696986198425,-0.92724609375,0.01397639513015747
-1.102148413658142,-1.1494140625,0.04726564884185791
-0.04730372503399849,-0.09698486328125,0.04968113824725151
-0.6774558424949646,-0.67578125,-0.0016745924949645996
-1.4441863298416138,-1.4560546875,0.01186835765838623
1.6206414699554443,0.8173828125,0.8032586574554443
-0.576106607913971,-0.61474609375,0.03863948583602905
-0.39675992727279663,-0.458740234375,0.06198030710220337
-0.4769037067890167,-0.429443359375,-0.047460347414016724
0.41378799080848694,0.685546875,-0.27175888419151306
-1.7546441555023193,-1.728515625,-0.026128530502319336
0.20447790622711182,0.1441650390625,0.060312867164611816
-0.4874073266983032,-0.383544921875,-0.10386240482330322
0.13491131365299225,0.1392822265625,-0.0043709129095077515
-1.0277169942855835,-0.69482421875,-0.3328927755355835
-0.264370858669281,-0.250244140625,-0.014126718044281006
-0.9252169132232666,-0.81689453125,-0.1083223819732666
0.20065633952617645,0.31494140625,-0.11428506672382355
0.9503505229949951,0.8515625,0.09878802299499512
-0.6523195505142212,-0.62744140625,-0.02487814426422119
0.7174995541572571,0.75927734375,-0.04177778959274292
-0.2951367199420929,-0.245361328125,-0.049775391817092896
0.5948147177696228,0.6787109375,-0.0838962197303772
-0.49783146381378174,-0.48486328125,-0.012968182563781738
1.274581789970398,1.236328125,0.03825366497039795
-0.5157668590545654,-0.5205078125,0.00474095344543457
0.06154484674334526,0.00635528564453125,0.05518956109881401
-0.7348062992095947,-0.7421875,0.0073812007904052734
-0.007063802797347307,0.0496826171875,-0.05674641998484731
-0.12183230370283127,-0.10040283203125,-0.02142947167158127
-0.7342395782470703,-0.7099609375,-0.024278640747070312
0.7398390173912048,0.5615234375,0.17831557989120483
0.29914548993110657,0.31591796875,-0.016772478818893433
1.074878215789795,0.962890625,0.11198759078979492
-0.2673627436161041,-0.2880859375,0.020723193883895874
-0.8111764192581177,-0.83203125,0.020854830741882324
-0.5834091901779175,-0.62158203125,0.03817284107208252
0.4791755974292755,0.54296875,-0.06379315257072449
0.8087751269340515,0.8544921875,-0.045717060565948486
0.9828441739082336,0.865234375,0.11760979890823364
-0.5835044384002686,-0.5859375,0.0024330615997314453
0.0034144839737564325,-0.0811767578125,0.08459124178625643
-1.2968943119049072,-1.3212890625,0.024394750595092773
0.18612681329250336,0.2276611328125,-0.04153431951999664
-0.2192355841398239,-0.2081298828125,-0.011105701327323914
-0.6146530508995056,-0.583984375,-0.030668675899505615
-0.8109630942344666,0.00354766845703125,-0.8145107626914978
0.3326047360897064,0.29296875,0.03963598608970642
-0.9982464909553528,-0.98193359375,-0.016312897205352783
0.7988832592964172,0.7392578125,0.059625446796417236
-0.12446174025535583,-0.181640625,0.057178884744644165
-0.7648290395736694,-0.80615234375,0.041323304176330566
-0.6703603267669678,-0.701171875,0.030811548233032227
0.16373293101787567,-0.00450897216796875,0.16824190318584442
0.19612129032611847,0.1998291015625,-0.0037078112363815308
-0.944564700126648,-0.93359375,-0.01097095012664795
0.03787658363580704,-0.1527099609375,0.19058654457330704
0.6613563299179077,0.7734375,-0.11208117008209229
-0.21301805973052979,-0.294921875,0.08190381526947021
0.8228272199630737,0.796875,0.02595221996307373
-0.37075579166412354,-0.403564453125,0.032808661460876465
-0.25780773162841797,-0.30859375,0.05078601837158203
-0.3186987340450287,-0.487060546875,0.1683618128299713
-0.2623423635959625,-0.264404296875,0.0020619332790374756
-0.7846300601959229,-1.0908203125,0.30619025230407715
-0.867542564868927,-0.91015625,0.042613685131073
0.8800813555717468,0.83984375,0.040237605571746826
1.661811351776123,1.5234375,0.13837385177612305
-0.9628505706787109,-0.953125,-0.009725570678710938
0.20537669956684113,0.2108154296875,-0.0054387301206588745
-0.25237375497817993,-0.26611328125,0.013739526271820068
0.3193117082118988,0.65869140625,-0.3393796980381012
-0.3246471881866455,-0.35107421875,0.026427030563354492
0.38558679819107056,0.404296875,-0.018710076808929443
-0.02098664455115795,0.0416259765625,-0.06261262111365795
0.8710989952087402,0.9013671875,-0.030268192291259766
-0.22875957190990448,-0.261962890625,0.03320331871509552
0.14131130278110504,0.0894775390625,0.05183376371860504
0.5312258005142212,0.6376953125,-0.10646951198577881
-0.09846371412277222,-0.0943603515625,-0.004103362560272217
-0.5694224834442139,-0.57861328125,0.009190797805786133
0.07209234684705734,-0.0361328125,0.10822515934705734
-0.6598280072212219,-0.56591796875,-0.09391003847122192
0.4518051743507385,0.45947265625,-0.007667481899261475
-1.1279951333999634,-1.150390625,0.02239549160003662
0.5401725172996521,0.1812744140625,0.3588981032371521
-0.7554681897163391,-0.75146484375,-0.004003345966339111
-0.42103466391563416,-0.438720703125,0.017686039209365845
-0.3478827178478241,-0.1297607421875,-0.2181219756603241
0.7865605354309082,0.779296875,0.007263660430908203
-0.38853180408477783,-0.556640625,0.16810882091522217
0.42676401138305664,0.45947265625,-0.03270864486694336
0.852292537689209,0.9697265625,-0.11743402481079102
0.5105950832366943,0.49267578125,0.017919301986694336
0.8505826592445374,0.8876953125,-0.037112653255462646
0.18595144152641296,0.1727294921875,0.013221949338912964
-0.2148321121931076,-0.1826171875,-0.032214924693107605
0.6047602295875549,0.57568359375,0.02907663583755493
-0.20683032274246216,-0.1693115234375,-0.03751879930496216
-0.02864760160446167,-0.03564453125,0.00699692964553833
0.7824814319610596,0.8369140625,-0.05443263053894043
-0.8302621841430664,-0.80859375,-0.021668434143066406
-1.0583096742630005,-1.0595703125,0.0012606382369995117
-0.7085063457489014,-0.6650390625,-0.04346728324890137
-0.7507336735725403,-0.72998046875,-0.020753204822540283
-0.681134819984436,-0.340576171875,-0.34055864810943604
-1.809890627861023,-1.7578125,-0.05207812786102295
1.1832189559936523,1.052734375,0.13048458099365234
-0.9635726809501648,-0.80517578125,-0.1583968997001648
-0.6487603187561035,-0.6416015625,-0.007158756256103516
-0.5917001366615295,-0.64794921875,0.05624908208847046
-0.7309845685958862,-0.6806640625,-0.05032050609588623
-0.34001752734184265,-0.302978515625,-0.03703901171684265
-0.010614207945764065,0.0406494140625,-0.051263622008264065
-0.9739583134651184,-1.029296875,0.05533856153488159
-0.1312563568353653,-0.275390625,0.1441342681646347
0.511347234249115,0.6513671875,-0.140019953250885
-0.2531093955039978,-0.222900390625,-0.030209004878997803
0.3198472261428833,0.3984375,-0.0785902738571167
-0.5232298970222473,-0.59130859375,0.06807869672775269
0.3015822768211365,0.3515625,-0.049980223178863525
-0.5720027685165405,-0.55859375,-0.013409018516540527
1.09877610206604,0.9990234375,0.09975266456604004
-1.4132431745529175,-1.14453125,-0.2687119245529175
-0.9597487449645996,-0.97900390625,0.01925516128540039
-0.25820019841194153,-0.2308349609375,-0.02736523747444153
0.7564243674278259,0.8095703125,-0.05314594507217407
-0.8043666481971741,-0.8056640625,0.0012974143028259277
-0.28931403160095215,-0.294189453125,0.0048754215240478516
1.0382567644119263,1.05078125,-0.01252448558807373
-0.4214436411857605,-0.43310546875,0.011661827564239502
-0.26447996497154236,-0.2156982421875,-0.04878172278404236
-0.6343846917152405,-0.63427734375,-0.00010734796524047852
-0.1383209079504013,-0.20703125,0.0687103420495987
0.5609957575798035,0.6591796875,-0.09818392992019653
-0.435342013835907,-0.5859375,0.15059548616409302
-0.43537670373916626,-0.42529296875,-0.01008373498916626
0.09238666296005249,0.1163330078125,-0.02394634485244751
-0.3129299283027649,-0.29296875,-0.019961178302764893
-0.06977148354053497,-0.0433349609375,-0.026436522603034973
0.49038246273994446,0.544921875,-0.05453941226005554
-0.44357630610466003,-0.464111328125,0.020535022020339966
-0.7133376002311707,-0.9111328125,0.19779521226882935
-0.7793577313423157,-0.71484375,-0.06451398134231567
-0.542904257774353,-0.5107421875,-0.03216207027435303
-1.4375828504562378,-1.4267578125,-0.010825037956237793
-0.2698286175727844,-0.284912109375,0.015083491802215576
-0.27055150270462036,-0.268310546875,-0.0022409558296203613
-1.0007799863815308,-1.025390625,0.02461063861846924
-0.20224253833293915,-0.2291259765625,0.026883438229560852
0.6265565156936646,0.55224609375,0.07431042194366455
0.9628587365150452,0.9091796875,0.053679049015045166
-0.6132330298423767,-0.548828125,-0.06440490484237671
-0.6249555945396423,-0.52978515625,-0.09517043828964233
-0.22599244117736816,-0.28369140625,0.057698965072631836
0.10761938989162445,0.1722412109375,-0.06462182104587555
-0.21010003983974457,-0.190673828125,-0.019426211714744568
-0.28036487102508545,-0.171142578125,-0.10922229290008545
-0.1303602159023285,-0.11956787109375,-0.010792344808578491
0.7260304093360901,0.67626953125,0.04976087808609009
-0.8776777386665344,-0.91943359375,0.041755855083465576
-0.5639975666999817,-0.56396484375,-3.272294998168945e-05
0.32006990909576416,0.2122802734375,0.10778963565826416
-0.03837363049387932,-0.0242767333984375,-0.014096897095441818
-0.8513863682746887,-0.701171875,-0.15021449327468872
-0.08890897780656815,-0.0300140380859375,-0.058894939720630646
0.6824167966842651,0.54443359375,0.13798320293426514
-0.8800546526908875,-0.72998046875,-0.15007418394088745
-0.9439132213592529,-0.95703125,0.01311802864074707
-0.6963548064231873,-0.7548828125,0.058528006076812744
-0.7352098822593689,-0.77490234375,0.039692461490631104
-0.4196362793445587,-0.1832275390625,-0.23640874028205872
-0.6367100477218628,-0.6337890625,-0.002920985221862793
-0.5797401666641235,-0.5810546875,0.0013145208358764648
-0.5583373308181763,-0.54296875,-0.01536858081817627
0.40072667598724365,0.37939453125,0.021332144737243652
0.6879742741584778,0.70263671875,-0.014662444591522217
-0.4548427164554596,-0.50732421875,0.052481502294540405
0.9528492093086243,0.91796875,0.03488045930862427
0.5711483359336853,0.62060546875,-0.0494571328163147
-0.4591127634048462,-0.59521484375,0.1361020803451538
-0.8606255650520325,-0.82275390625,-0.03787165880203247
-0.1611146628856659,-0.111572265625,-0.049542397260665894
0.08199442923069,0.1634521484375,-0.08145771920681
-0.28009533882141113,-0.2181396484375,-0.06195569038391113
-1.4935142993927002,-1.6708984375,0.1773841381072998
-1.022226333618164,-1.0234375,0.0012111663818359375
-1.0432209968566895,-1.0419921875,-0.0012288093566894531
-0.31335023045539856,-0.276611328125,-0.03673890233039856
-0.10055150836706161,-0.0241546630859375,-0.07639684528112411
1.478700041770935,1.369140625,0.10955941677093506
-0.8284277319908142,-0.8369140625,0.008486330509185791
-0.7058849930763245,-0.71484375,0.008958756923675537
-1.3770579099655151,-0.58154296875,-0.7955149412155151
-1.1945728063583374,-1.2080078125,0.013435006141662598
-1.064341425895691,-1.013671875,-0.05066955089569092
-0.6605302095413208,-0.65771484375,-0.0028153657913208008
-0.14829754829406738,-0.19921875,0.05092120170593262
0.738432765007019,0.78125,-0.04281723499298096
0.11533238738775253,0.1336669921875,-0.018334604799747467
1.0288589000701904,1.033203125,-0.00434422492980957
1.9016449451446533,1.443359375,0.4582855701446533
-0.04184335470199585,0.0760498046875,-0.11789315938949585
0.19258803129196167,0.1663818359375,0.02620619535446167
-0.15961463749408722,-0.17138671875,0.01177208125591278
-1.2154322862625122,-1.208984375,-0.006447911262512207
-0.39706891775131226,-0.47705078125,0.07998186349868774
-0.5427002906799316,-0.5673828125,0.02468252182006836
-0.11673234403133392,-0.131103515625,0.014371171593666077
0.80414879322052,0.8076171875,-0.0034683942794799805
0.7252093553543091,0.8759765625,-0.15076720714569092
-0.529401957988739,-0.52587890625,-0.0035230517387390137
0.5420558452606201,0.51025390625,0.03180193901062012
0.22982530295848846,0.298828125,-0.06900282204151154
0.9770181775093079,0.67236328125,0.30465489625930786
0.7592936754226685,0.7705078125,-0.011214137077331543
-0.5506329536437988,-0.53466796875,-0.015964984893798828
0.2062818855047226,0.2110595703125,-0.004777684807777405
-1.044398546218872,-1.046875,0.0024764537811279297
0.6910917162895203,0.7333984375,-0.042306721210479736
0.34061959385871887,0.41455078125,-0.07393118739128113
0.41709569096565247,0.3876953125,0.029400378465652466
0.8010162115097046,0.8974609375,-0.09644472599029541
-1.0413520336151123,-0.99853515625,-0.042816877365112305
1.1299164295196533,1.060546875,0.06936955451965332
0.5244443416595459,0.72021484375,-0.1957705020904541
-0.5327434539794922,-0.55224609375,0.019502639770507812
-1.1592305898666382,-1.1572265625,-0.0020040273666381836
1.044982671737671,1.0908203125,-0.0458376407623291
-1.1284220218658447,-1.0830078125,-0.04541420936584473
-0.29017823934555054,-0.269775390625,-0.020402848720550537
0.7374540567398071,0.76318359375,-0.02572953701019287
0.004924444016069174,-0.08538818359375,0.09031262760981917
-0.5166864991188049,-0.50439453125,-0.012291967868804932
-1.0529184341430664,-1.03125,-0.021668434143066406
-0.04641159996390343,-0.00414276123046875,-0.04226883873343468
0.2948111295700073,0.287841796875,0.006969332695007324
1.287590503692627,0.6572265625,0.630363941192627
-0.1297021061182022,-0.0780029296875,-0.05169917643070221
-1.4097720384597778,-0.83740234375,-0.5723696947097778
-0.9127955436706543,-0.82666015625,-0.0861353874206543
-0.3883531093597412,-0.5390625,0.1507093906402588
-0.147785022854805,-0.1422119140625,-0.005573108792304993
0.003141281893476844,-0.09051513671875,0.09365641861222684
-0.13441254198551178,-0.04833984375,-0.08607269823551178
-0.9730473756790161,-0.9873046875,0.014257311820983887
0.8570456504821777,0.8896484375,-0.032602787017822266
-1.2154383659362793,-0.8154296875,-0.4000086784362793
0.054112695157527924,0.0384521484375,0.015660546720027924
0.4141862690448761,0.26513671875,0.1490495502948761
-0.8845273852348328,-0.89306640625,0.008539021015167236
0.5172892212867737,0.427734375,0.08955484628677368
-0.4083034098148346,-0.343994140625,-0.0643092691898346
-0.6943588852882385,-0.69189453125,-0.0024643540382385254
-1.6961005926132202,-1.0712890625,-0.6248115301132202
0.9322246313095093,0.943359375,-0.011134743690490723
-0.06549616903066635,-0.166015625,0.10051945596933365
-1.2520474195480347,-1.3056640625,0.05361664295196533
-0.3897569477558136,-0.30615234375,-0.0836046040058136
0.9090352654457092,1.1767578125,-0.26772254705429077
0.5142036080360413,0.533203125,-0.01899951696395874
0.9085125923156738,0.970703125,-0.06219053268432617
-0.3342747092247009,-0.343505859375,0.009231150150299072
0.13436202704906464,-0.349609375,0.48397140204906464
0.7716472148895264,0.8115234375,-0.03987622261047363
-0.6166176795959473,-0.60595703125,-0.010660648345947266
-0.7475459575653076,-0.76806640625,0.020520448684692383
0.26716747879981995,0.458984375,-0.19181689620018005
-1.0368587970733643,-1.02734375,-0.009515047073364258
-0.17609058320522308,-0.22216796875,0.046077385544776917
-0.9321116805076599,-0.8935546875,-0.03855699300765991
-0.10092852264642715,-0.1240234375,0.023094914853572845
-0.7043875455856323,-0.64501953125,-0.059368014335632324
-0.798517107963562,-0.646484375,-0.152032732963562
-0.4805137515068054,-0.47314453125,-0.00736922025680542
-0.8612319231033325,-0.87451171875,0.01327979564666748
-1.5348572731018066,-0.9033203125,-0.6315369606018066
0.10087164491415024,0.037841796875,0.06302984803915024
-0.5543814897537231,-0.4130859375,-0.14129555225372314
-0.4787592589855194,-0.52197265625,0.04321339726448059
-0.17633208632469177,-0.1951904296875,0.018858343362808228
-0.7596272826194763,-0.75537109375,-0.004256188869476318
-0.820966899394989,-0.8251953125,0.004228413105010986
0.3515584170818329,0.36181640625,-0.010257989168167114
-0.5594834685325623,-0.56982421875,0.010340750217437744
-0.42639586329460144,-0.380126953125,-0.04626891016960144
-0.38170912861824036,-0.3515625,-0.030146628618240356
0.8279153108596802,0.78125,0.046665310859680176
-0.838132381439209,-0.8203125,-0.017819881439208984
0.09281190484762192,0.0706787109375,0.022133193910121918
0.562089204788208,0.484375,0.07771420478820801
0.47040846943855286,0.44873046875,0.021678000688552856
-0.6456265449523926,-0.5830078125,-0.06261873245239258
-1.7522882223129272,-1.677734375,-0.07455384731292725
0.1784994751214981,0.2054443359375,-0.026944860816001892
0.6230329275131226,0.5771484375,0.04588449001312256
-0.8018721342086792,-0.740234375,-0.0616377592086792
-1.0208721160888672,-1.037109375,0.016237258911132812
0.012725267559289932,0.034912109375,-0.022186841815710068
-0.6596744060516357,-0.6806640625,0.020989656448364258
1.040378212928772,1.0576171875,-0.017238974571228027
-0.9420173168182373,-0.88134765625,-0.060669660568237305
-0.7930961847305298,-0.81005859375,0.016962409019470215
-0.9725335240364075,-0.994140625,0.02160710096359253
-0.4802742004394531,-0.47314453125,-0.007129669189453125
-1.3072346448898315,-1.302734375,-0.004500269889831543
-0.2644580006599426,-0.287109375,0.022651374340057373
-0.9559038281440735,-0.98388671875,0.027982890605926514
-0.3415473699569702,-0.440185546875,0.09863817691802979
-0.8753734827041626,-0.8984375,0.023064017295837402
-0.6498726010322571,-0.662109375,0.01223677396774292
-0.9500131011009216,-0.93701171875,-0.01300138235092163
0.7284638285636902,0.7568359375,-0.028372108936309814
-0.8683706521987915,-0.87255859375,0.004187941551208496
0.9419353604316711,0.8408203125,0.10111504793167114
0.5562084317207336,0.57470703125,-0.018498599529266357
-0.3437683582305908,-0.31396484375,-0.02980351448059082
0.880476176738739,0.9443359375,-0.06385976076126099
0.31365323066711426,0.3037109375,0.009942293167114258
0.8835865259170532,0.9765625,-0.09297597408294678
1.0503253936767578,0.72412109375,0.3262042999267578
-0.24847911298274994,-0.142333984375,-0.10614512860774994
-0.6364626288414001,-0.6328125,-0.0036501288414001465
-0.2927948534488678,-0.304931640625,0.012136787176132202
-0.8179686069488525,-0.81787109375,-9.751319885253906e-05
-0.6995449662208557,-0.755859375,0.05631440877914429
-0.42071861028671265,-0.53662109375,0.11590248346328735
-0.9175581932067871,-0.9111328125,-0.006425380706787109
-0.15779732167720795,-0.1419677734375,-0.015829548239707947
-0.2619467079639435,-0.2177734375,-0.04417327046394348
-0.09797853231430054,-0.160888671875,0.06291013956069946
0.2949656844139099,0.1336669921875,0.1612986922264099
-0.38635188341140747,-0.5947265625,0.20837467908859253
-0.2202584594488144,-0.12188720703125,-0.09837125241756439
0.40720877051353455,0.2015380859375,0.20567068457603455
-0.2356933057308197,-0.2215576171875,-0.014135688543319702
-0.22828201949596405,-0.2110595703125,-0.01722244918346405
0.7659796476364136,0.7705078125,-0.004528164863586426
-0.42084091901779175,-0.34521484375,-0.07562607526779175
0.7629879117012024,0.78369140625,-0.020703494548797607
-0.21253792941570282,-0.3076171875,0.09507925808429718
-0.7127513885498047,-0.705078125,-0.0076732635498046875
-0.5036625862121582,-0.471435546875,-0.0322270393371582
0.3816584348678589,0.41845703125,-0.03679859638214111
0.23313352465629578,0.259033203125,-0.025899678468704224
0.9160521626472473,0.888671875,0.027380287647247314
-0.5351728200912476,-0.5205078125,-0.014665007591247559
-0.3078211545944214,-0.30029296875,-0.007528185844421387
-0.42199647426605225,-0.6455078125,0.22351133823394775
-0.22840501368045807,-0.210205078125,-0.01819993555545807
-0.5691260695457458,-0.626953125,0.05782705545425415
-0.15122182667255402,-0.2154541015625,0.06423227488994598
0.8213308453559875,0.833984375,-0.012653529644012451
-0.540205180644989,-0.5517578125,0.011552631855010986
-0.21149899065494537,-0.2000732421875,-0.011425748467445374
-0.4408498704433441,-0.43310546875,-0.007744401693344116
-0.9092701077461243,-0.916015625,0.006745517253875732
0.5209366083145142,0.2587890625,0.26214754581451416
-1.097177267074585,-1.0810546875,-0.01612257957458496
-0.1634356528520584,-0.1806640625,0.01722840964794159
-1.0709199905395508,-0.331787109375,-0.7391328811645508
-0.9464662075042725,-0.94677734375,0.00031113624572753906
-1.0226047039031982,-0.96142578125,-0.06117892265319824
0.44547387957572937,0.279541015625,0.16593286395072937
0.6774494647979736,0.638671875,0.03877758979797363
-0.14648935198783875,-0.172607421875,0.026118069887161255
0.4185357093811035,0.3857421875,0.032793521881103516
0.05197986587882042,0.0833740234375,-0.03139415755867958
-0.7071565985679626,-0.3623046875,-0.34485191106796265
-0.6999292969703674,-0.6875,-0.012429296970367432
-0.09615019708871841,-0.0838623046875,-0.012287892401218414
-0.4951561689376831,-0.465087890625,-0.030068278312683105
-0.16712035238742828,-0.66455078125,0.4974304288625717
-0.9084159731864929,-0.90673828125,-0.00167769193649292
-1.061440348625183,-1.0546875,-0.0067528486251831055
-0.012107704766094685,0.0258941650390625,-0.038001869805157185
-0.5732139945030212,-0.55908203125,-0.01413196325302124
-0.2619633078575134,-0.141357421875,-0.12060588598251343
-0.410739928483963,-0.334228515625,-0.07651141285896301
0.7154908180236816,0.71240234375,0.0030884742736816406
-0.6622061729431152,-0.63720703125,-0.024999141693115234
-0.8874427080154419,-0.91552734375,0.028084635734558105
-0.17458048462867737,-0.190673828125,0.016093343496322632
1.7823224067687988,1.60546875,0.17685365676879883
1.3471401929855347,1.412109375,-0.06496918201446533
-0.6369332075119019,-0.54833984375,-0.08859336376190186
-0.2175656259059906,-0.267822265625,0.0502566397190094
0.4717545211315155,0.49609375,-0.024339228868484497
-0.5840402841567993,-0.58642578125,0.0023854970932006836
-0.14365801215171814,-0.0513916015625,-0.09226641058921814
-0.9184333086013794,-0.78369140625,-0.1347419023513794
1.4055290222167969,1.4501953125,-0.044666290283203125
0.8353516459465027,0.8115234375,0.023828208446502686
-0.5244421362876892,-0.54345703125,0.01901489496231079
0.4986192584037781,0.48681640625,0.011802852153778076
0.9131426215171814,0.98828125,-0.0751386284828186
-0.3385362923145294,-0.271484375,-0.06705191731452942
-0.1020248681306839,-0.0950927734375,-0.006932094693183899
-0.6746530532836914,-0.65625,-0.018403053283691406
0.7559961080551147,0.9140625,-0.15806639194488525
0.3320232331752777,0.290771484375,0.04125174880027771
0.8421090841293335,0.8779296875,-0.035820603370666504
-1.5190489292144775,-0.92236328125,-0.5966856479644775
-0.804629921913147,-0.71484375,-0.08978617191314697
0.05393160134553909,0.0506591796875,0.003272421658039093
1.3533381223678589,1.322265625,0.031072497367858887
0.10020333528518677,0.1510009765625,-0.05079764127731323
0.5881302356719971,0.583984375,0.00414586067199707
-0.8798595666885376,-0.8447265625,-0.0351330041885376
-0.34637317061424255,-0.331298828125,-0.015074342489242554
-0.18310241401195526,-0.1395263671875,-0.04357604682445526
-0.20574091374874115,-0.193603515625,-0.01213739812374115
-0.6964231133460999,-0.68798828125,-0.008434832096099854
-0.8143113851547241,-0.80419921875,-0.010112166404724121
1.0289210081100464,1.1767578125,-0.1478368043899536
-1.0663349628448486,-1.0703125,0.003977537155151367
-1.038980484008789,-1.048828125,0.009847640991210938
-1.291898250579834,-0.93603515625,-0.355863094329834
0.24813176691532135,0.36328125,-0.11514948308467865
0.41179436445236206,0.54833984375,-0.13654547929763794
0.9799469709396362,0.974609375,0.0053375959396362305
-1.1893576383590698,-1.1689453125,-0.020412325859069824
0.0673866793513298,0.2071533203125,-0.1397666409611702
-0.24450869858264923,-0.1483154296875,-0.09619326889514923
-0.06502976268529892,-0.09625244140625,0.03122267872095108
0.05264640972018242,0.0987548828125,-0.04610847309231758
-0.3230058550834656,-0.260009765625,-0.06299608945846558
-0.5774165987968445,-0.59375,0.016333401203155518
0.8223028779029846,0.896484375,-0.07418149709701538
-0.5766187310218811,-0.52685546875,-0.049763262271881104
0.10025476664304733,0.1246337890625,-0.024379022419452667
-1.2642408609390259,-1.2685546875,0.004313826560974121
-0.9352038502693176,-0.86572265625,-0.06948119401931763
-0.4190003573894501,-0.475830078125,0.05682972073554993
0.20759020745754242,0.1644287109375,0.04316149652004242
-0.20693857967853546,-0.1964111328125,-0.010527446866035461
-0.7787413597106934,-0.6748046875,-0.10393667221069336
-1.0277739763259888,-1.01953125,-0.00824272632598877
0.9406812191009521,0.958984375,-0.01830315589904785
0.764128565788269,0.67138671875,0.09274184703826904
-0.835455596446991,-0.84619140625,0.010735809803009033
-0.3293505311012268,-0.279541015625,-0.04980951547622681
0.08232967555522919,0.0467529296875,0.03557674586772919
-0.286243200302124,-0.262451171875,-0.023792028427124023
0.08429909497499466,0.1458740234375,-0.06157492846250534
0.6908227205276489,0.7998046875,-0.10898196697235107
0.09096493571996689,0.2142333984375,-0.12326846271753311
-0.700269341468811,-0.681640625,-0.018628716468811035
0.1272938996553421,0.1534423828125,-0.026148483157157898
0.9652764797210693,1.0166015625,-0.051325082778930664
-0.4181521534919739,-0.4833984375,0.06524628400802612
-0.8311811685562134,-0.87255859375,0.04137742519378662
-0.02906937710940838,-0.0701904296875,0.04112105257809162
0.10244704782962799,0.1815185546875,-0.07907150685787201
-0.1967056542634964,-0.23095703125,0.0342513769865036
-0.6673403978347778,-0.6396484375,-0.027691960334777832
