y_true,y_pred_ensemble
-1.506057185,-1.2658341
0.2996681670000001,0.061773494
0.686210556,0.6561349
-0.796087539,-0.85780114
-0.13010783000000004,-0.19953841
0.34664595500000006,0.24882117
-0.6576284050000001,-0.68924415
-1.1002742950000002,-0.9111169
-0.36348953000000006,-0.34473115
-0.608851993,-0.62877625
-0.676249965,-0.6389168
0.480319701,0.49951535
-0.12665334500000003,-0.20848088
1.1555514159999998,1.1206338
0.9320467690000003,0.8471785
-0.37695057499999995,-0.37039536
0.5784052249999998,0.26778215
0.2565381790000001,0.32757008
0.375830028,0.3980367
-0.14378489099999991,-0.45175305
1.9560088149999997,2.0862503
-0.055936945000000016,0.1029094
0.3136974590000001,0.2613094
-0.16443784799999994,-0.04401731
0.534248174,0.4862915
-0.38852060099999997,-0.3467403
-0.835293565,-0.82896113
-1.0437474250000003,-1.040555
1.25426833,1.0743692
0.7841452790000003,0.88412684
-0.673333395,-0.60995245
-0.39430601499999995,-0.74400604
0.6974766130000001,0.7237785
0.635800379,0.6408981
-1.404702335,-1.3732198
-0.25231919000000014,-0.31140515
-0.6385248049999999,-0.1861907
-0.31207634100000003,-0.40442306
0.9253096149999998,0.27181295
-0.7616224850000002,-0.73443973
-0.46193188099999993,-0.26492584
-0.865465411,-0.9194365
-1.3874301349999998,-1.3732207
0.11468496200000011,0.017545875
-0.758733112,-0.7210339
0.373401412,0.32788897
0.04104878099999998,-0.044258136
0.647555697,0.72726375
-0.8653960349999998,-1.0482223
0.08410739399999989,0.043196682
0.5178537240000001,0.50892574
-0.8089601050000002,-0.77507454
-0.31714229800000004,-0.48377842
0.15221851499999994,0.16358492
-0.5946405750000001,-0.569681
-1.9671916390000006,-1.4848983
-1.1861708550000003,-1.1344118
-0.44046468399999994,-0.62857527
-0.37663453300000005,-0.34280506
-0.2583530249999999,-0.38614792
-0.23351898100000001,-0.28348354
0.17193472099999996,0.27708775
-0.418387136,-0.15078309
-0.6626286050000001,-0.61360687
1.4138931650000006,1.2511646
0.5271517180000003,0.47122696
0.09769138500000007,-0.98972005
-0.2960044150000001,-0.24124552
-0.8133097249999999,-0.6841567
-0.3380079730000001,-0.42176366
0.05660253599999998,0.046871487
-0.4409808839999998,-0.43993503
-1.0320309170000002,-0.9032834
-0.45603286099999996,-0.50426716
0.2444908830000001,0.20462067
0.6513263780000003,0.68068284
-0.938004021,-0.94426626
-0.9062564449999999,-0.9266696
-1.1576354550000003,-1.0759279
0.021519443000000082,-0.098434046
-0.21446652199999994,-0.2551983
-0.3729147749999999,-0.39762384
0.3799535900000002,-0.21260934
0.10395007100000009,-0.09405186
-0.704093605,-0.75120735
0.19400505800000012,0.32318455
-0.287424868,-0.2827128
-0.125570395,-0.11508664
-1.6121180850000005,-1.2091286
-1.1436235779999997,-1.1061352
-0.7355022089999999,-0.5368064
0.13061736399999968,0.26664537
0.6385845109999997,0.63699305
0.38142831099999985,0.36511663
-0.18416732600000008,-0.17644003
-0.723941905,-0.55684084
-0.5147913549999998,-0.6011695
0.4975718549999999,-0.08258391
0.11908681199999971,0.030985827
-0.22223156199999994,-0.23409438
-0.33164933500000005,-0.28863695
-0.506966993,-0.52153724
0.06891691100000008,-0.08780591
-1.0459566149999997,-1.027137
0.22011425400000006,-0.38269153
-1.1054670650000005,-1.0378385
-0.33137492699999993,-0.3980058
0.3512761229999999,0.36683416
-0.7988361610000001,-0.7890632
-0.1219542549999999,0.067680344
-0.8015231489999999,-0.8763664
-1.0073595649999998,-0.78867245
-0.5550110550000003,-0.77041537
0.551741853,0.58929026
0.011370072999999703,0.11458932
-0.377739335,-0.34283543
-0.2364591709999999,-0.15753743
-0.926723355,-0.93116003
-0.15167230799999998,-0.11860005
-0.5220603750000001,-0.029790245
-0.671305112,-0.57102054
-0.2189377349999999,-0.6971238
-0.805877655,-0.43782207
-0.628047305,-0.48766536
0.12509372499999993,-0.03719224
-0.36537024399999996,-0.5303864
0.40956257500000004,0.33089563
1.847355625,1.9303752
-1.4086231849999997,-0.91508126
-1.004412587,-0.9805579
-1.0942690050000001,-0.99190164
0.5104013420000002,0.41772833
-0.020184589000000086,-0.19645634
-0.42489117499999995,-0.85726464
-0.605260634,-0.47828746
-0.9267453109999999,-0.94319576
-0.44283142500000006,-0.70589423
1.4220655599999996,1.2558357
-0.8812208749999999,-0.922066
-0.707297595,-0.9197348
-0.22453079799999998,-0.39163482
0.5343587890000001,0.50322306
0.7399398410000002,0.7087872
-0.34165729200000006,-0.42114833
-0.36091832599999996,-0.36690584
-0.044253555000000055,-0.38631263
0.32249054600000027,0.35543385
-0.48084345500000003,-0.5091734
1.7284289650000004,-0.8300411
0.872252882,0.7337287
0.1268326740000001,-0.3900711
-0.038627514999999946,-1.2803774
-0.45325634800000003,-0.49448362
-0.273229505,-0.25354937
-0.7412481849999999,-0.8448164
-0.4744945600000001,-0.34955758
-0.8885676040000001,-0.9216993
-0.7795729499999999,-0.87521183
0.5876343250000002,0.5184103
-0.2059556170000001,-0.22774392
-0.11858285700000004,0.0342205
-0.29554556099999996,-0.25513694
-0.08839808900000001,-0.2831293
0.8287837849999999,0.7461284
-0.24890470499999995,-0.1671035
0.3987135650000002,0.45632455
0.0713872969999998,0.02910825
0.27885695600000004,0.08668374
0.7115439459999999,0.72290266
-0.45636358500000007,-0.39761776
-1.0998290749999997,-0.9035539
-0.3094338429999999,-0.27994594
-0.068038936,-0.52861917
-0.410285899,-0.45266655
-0.321423451,-0.29827273
-0.4549257659999999,-0.49329758
0.5908048589999997,0.6263204
-0.5095173800000001,-0.38410148
1.0287581849999996,0.90241486
-0.17821755500000003,-0.20325522
-0.03489222500000011,-0.4887424
-1.0399399059999999,-1.001787
-1.7461526950000001,-0.3859076
0.13634862500000033,0.13281877
0.5710846329999997,0.5116955
-0.8623488849999994,-0.7668008
-0.636700123,-0.63373
-0.979383012,-0.9096876
0.6442197169999999,0.6069383
-0.6590037980000001,-0.6421878
-0.5049536230000002,-0.42307293
-0.2942626930000001,-0.25410932
-0.7149197900000002,-0.6353645
-0.16444629099999997,-0.16941383
0.02684209500000012,0.07327951
-0.540045696,-0.61719745
-0.7372955749999999,-0.8350722
-1.0656025539999998,-0.8099856
0.629335226,0.5207462
-0.2203674470000001,-0.24002248
-1.1898553549999997,-1.119045
-0.996136517,-0.97480386
0.3509027950000001,0.46596178
-0.1924455730000001,-0.23013651
0.8561236070000002,0.8115832
0.2740361870000003,0.17909016
0.0374570139999999,-0.08889336
0.00024027599999998372,-0.11556103
-0.0012895470000000575,0.050449856
-0.13773776699999996,-0.2429189
0.3136804660000003,0.14874156
0.17373133499999982,0.9945671
0.745443072,0.7116776
-0.66852234,-0.72213936
-0.3811193770000001,-0.33140263
0.32738990199999995,0.1822274
-0.196693134,-0.22146878
0.8594817640000001,0.7682182
0.4811283769999999,0.593737
-1.341861765,-1.0636942
-0.180406305,-0.01619913
-0.22162624499999994,-0.26456296
-0.2201225440000001,-0.23366153
-1.0649362829999998,-0.98679656
-0.9623771219999999,-0.9820817
0.41219287299999996,0.6337881
0.9597380260000004,0.9414313
0.43468512199999965,0.48693365
0.06341343500000018,-0.48240244
-0.5583638849999999,-0.5793628
0.9946751299999999,0.86800325
-0.545730834,-0.5669916
-0.9627761769999998,-0.9194065
1.0040898599999997,0.95887065
-0.517231263,-0.51560503
-0.1656848099999999,-0.12737283
0.18083107499999995,0.044873994
-0.38196293000000003,-0.2798769
-0.9966763350000001,-0.9530034
0.7516323010000001,0.7189165
-0.481735365,-0.5055716
-0.6828028740000001,-0.6458799
-0.8494360009999999,-0.869903
-1.755103365,-1.7632704
0.29481114499999994,0.1748204
-0.13534860700000007,-0.23884161
0.133723413,0.10711502
-0.6318264280000001,-0.57446736
1.2575811799999999,0.87515295
1.2591080109999995,-0.17532603
-0.6447319149999999,-0.63245887
-0.219877506,-0.22787204
-0.19110568499999991,-0.2268824
-0.566424555,-0.6334392
-0.18106618100000005,-0.0117440345
-0.7321943929999999,-0.70575935
-0.24570450999999993,-0.23536064
-0.6139261,-0.5833687
0.1616516750000001,0.052639376
-0.43106015799999997,-0.28714493
-0.32708328500000006,-0.34395498
-0.4337140840000002,-0.4470596
0.594411456,0.5151934
-0.835576291,-0.8539153
0.2459461249999999,1.1026134
-0.47069653200000006,-0.4808215
-0.9429183970000001,-0.90955925
-0.2779519050000001,-0.40327877
0.8918677999999998,0.6913658
0.520760444,0.42206645
-1.1793713610000003,-1.2524295
-0.9411810859999996,-0.8710608
-1.1623376750000003,-1.1341883
-0.2022156850000001,-0.49182713
-0.002662361999999918,-0.028959418
-0.788627266,-0.75790155
0.9493295349999997,0.83652467
-0.352500228,-0.36581308
-0.9631512860000004,-0.913998
-0.808794875,-0.8229166
-0.8613526949999999,-0.7534781
1.3686078949999998,0.7635736
-0.5061544609999999,-0.4927259
-0.015104766999999963,-0.09646041
-0.6782226540000003,-0.62705284
0.7908697560000002,0.73508507
0.35056439400000006,0.40708148
-0.5313112499999999,-0.38951138
-0.977920128,-0.9278732
0.29790233899999974,0.24154063
-0.807953105,-0.8057411
1.3277113109999998,1.1642781
0.8614213909999997,0.98235905
0.17574921300000024,0.20986313
-1.1234777659999997,-1.0394003
-0.8514008949999998,-0.83495224
-0.2666820379999999,-0.42464942
0.12065045100000016,0.18857971
-0.7073098550000001,-0.2592157
0.12201489300000024,0.12821977
-0.6129169650000001,-0.57139003
-0.799321647,-1.2538514
-0.797706072,-0.85412115
-0.7056367650000002,-0.9066808
-0.2207116710000001,-0.19744572
-1.0875527529999998,-1.0467463
0.05047670900000001,-0.15188743
1.1940608309999994,0.8908691
-0.8887315519999999,-0.8585433
-1.7540553649999997,-1.0963018
0.7460527430000001,0.6704774
-0.5264776150000001,-0.54683685
-0.9895086399999999,-1.0038959
-0.6376587549999999,-0.5726318
-0.18924660299999996,-0.21854818
0.2838066509999999,0.18070142
0.026770286999999948,-0.04256768
0.83168792,0.85646176
0.13204868199999975,0.13049436
-1.4492551699999998,-1.1531239
-0.942132805,-0.9504465
-1.0459281789999997,-1.00481
-1.5073471449999998,-1.6244569
-0.7233071550000001,-0.71945
1.084693025,-0.03400252
-0.872307033,-0.8977484
0.002278001000000085,0.011901533
-0.9071891699999999,-0.9657063
0.36162895100000014,0.38287708
-0.35683253700000006,-0.4191779
0.7475575320000003,1.0517644
0.28824134599999995,0.2249887
0.41194103100000024,0.34194458
-1.2642408250000003,-1.1413976
0.592798229,0.5260022
0.13186038000000022,0.3534806
0.848217475,0.9930007
-0.9725460250000002,-0.8833693
-0.3075248290000001,-0.7670379
0.8555815559999997,0.507806
-0.11183605499999993,-0.26869267
0.20059606299999988,0.30274618
0.9390783269999996,0.570469
-0.38110250599999995,-0.38662383
-0.37794911500000006,-0.60023564
-0.8209118040000001,-0.7377279
-0.5820675559999999,-0.6258058
0.925309605,0.27181295
0.2613780950000002,0.3561338
-1.162680925,-1.1344244
-0.29504360500000004,0.10104296
0.5981573749999998,0.8242004
-0.7359487479999998,-0.87449956
-0.4975559359999999,-0.7299865
0.5227763990000001,0.5454151
0.16555759700000006,0.35141683
-0.34794938,-0.3430984
-0.29673374600000013,-0.15818198
0.6766767749999998,0.5630186
0.93104403,0.6777826
0.29277835500000027,0.23770702
-0.24703911499999998,-0.38098428
-0.4768275289999997,-0.6164065
0.37308575999999993,0.9384063
-0.386167905,-0.12457275
-0.2434012029999999,-0.24056828
1.3874545850000004,1.2223148
-1.0477011369999993,-1.0018103
-0.582475705,-0.56895256
-0.36029124,-0.39204016
0.919325615,1.0072953
-1.0660873449999992,-1.1126587
-0.2485407529999999,-0.33589315
1.3110105959999996,0.9190504
-0.45431337400000005,-0.4486086
0.8483372049999998,0.65147245
0.27384815600000034,0.20250966
-0.5014984149999999,-0.7160969
-0.38401466800000006,-0.48198184
0.39693925900000027,0.2899414
-0.03994100699999992,0.16732098
0.91544592,0.78669006
1.041593814,1.0477992
-0.23175500299999996,-0.24846375
-0.07066558600000006,-0.2102065
0.7804188160000001,0.80085367
0.09717354499999997,-0.063927226
-0.8007844049999999,-0.77409905
-1.1151834640000002,-1.0190709
1.1382317789999994,1.0885686
-0.438248725,-0.63927835
0.273299983,0.02903579
-0.6341484449999999,-0.5008021
-0.5999023050000001,-0.26870006
-0.802010777,-0.70184225
1.1533285179999995,0.91553986
1.5606996049999995,2.052257
0.06365409399999988,-0.08153069
0.6319875199999998,0.58122194
0.011915235000000024,-0.4009572
0.3577237099999999,0.29370576
-0.565676885,-0.57623696
-0.11160110099999998,-0.30684882
-1.113476086,-0.77647626
0.5124284540000001,0.4123256
-0.370638504,-0.3695169
0.5476115490000006,0.5255023
0.1773610790000002,0.30775046
-0.1206151390000001,-0.088241965
1.1206031049999998,1.397337
-1.1916726449999997,-1.1242836
0.39464289100000016,0.33654982
-0.896304072,-0.8510765
-0.5682607719999999,-0.5589515
-0.284559373,-0.48268834
-0.9765802399999999,-0.98349816
-0.39491609299999997,-0.27610397
-0.5190758149999999,-0.8853585
0.2463592160000001,0.18877192
0.035507727000000155,-0.08996248
-1.0375345559999998,-0.9882891
-0.6569671619999999,-0.61002487
-0.02741315599999994,-0.021786336
0.024635282000000203,-0.34791178
-0.636771961,-0.4864085
0.9770181550000001,0.9726719
-0.5248709950000001,-0.49190795
-0.313433815,-0.457738
-0.824727835,-0.76736754
-0.6201279550000001,-0.8094644
-0.956476197,-0.902895
0.18162768800000006,0.1999991
0.17302819499999988,-0.100540034
-0.6580915360000001,-0.60420823
-0.725879411,-0.46504325
-0.2732927949999999,-0.38319117
-0.27001856199999996,-0.3276346
0.21574246400000008,0.31257415
-0.9759675750000003,-0.86467755
-0.6340068759999999,-0.5944049
-0.6453991939999999,-0.65862393
-0.10617011500000006,-0.38609937
0.906507253,0.9350939
0.11196940199999994,0.16771826
0.688980675,0.6609579
-0.7277238349999999,-0.80414265
0.4923441609999999,0.58891106
0.012724994999999906,-0.14764331
-0.831582612,-0.9352818
-0.596662105,-0.7727908
0.071655193,-0.25239453
0.01260254500000002,0.105648234
0.8193516389999997,0.7472057
-0.3621407969999999,-0.4829148
-0.6456587909999998,-0.57609934
-0.9955327949999997,-0.9528593
-0.481735365,-0.50555867
-0.3067808699999999,-0.35226893
0.162634822,0.16587682
0.7720075050000001,0.78115743
-0.7465658129999999,-0.68220407
-0.9969060949999999,-0.95983917
-1.003075275,-0.88554436
0.19759316000000005,-0.29004624
0.3434454549999999,0.097625464
-0.450272075,-0.42312258
1.036282968,0.8234176
-0.8872843150000005,-0.9983232
-0.858989918,-0.7997079
-1.513989505,-1.3425803
-0.592959048,-0.51132745
-0.5284940250000001,-0.5057989
0.8243970379999999,0.68889683
-0.8681775699999998,-0.77175325
-0.9441672639999996,-0.94407254
-1.6267243850000002,-1.5432585
-0.05710989199999994,-0.22594842
1.0569791309999998,1.0520673
0.838893315,0.91492057
-0.6816263899999999,-0.6327432
0.027576969000000062,-0.3232494
-0.44734059300000006,-0.38284653
-0.680234528,-0.6380257
-0.29171134100000007,-0.27805132
-0.6385340340000001,-0.647589
-0.27495797199999994,-0.35111094
-0.6178212730000001,-0.54429644
-0.36997998899999995,-0.34777293
0.07035485500000016,0.10847508
0.10866593999999985,0.15582454
-0.416764935,-0.70571315
-0.5593933980000001,-0.3939498
-0.02236666899999995,-0.008941785
-0.2831637009999999,-0.35497445
-0.302844471,-0.3357303
0.702772084,0.6503463
0.5078257850000001,0.68523747
-0.5874529609999999,-0.4751084
-0.593256741,-0.6365295
-0.365833246,-0.34724045
-1.1447542110000004,-1.073057
-0.056472872999999923,0.12714659
-0.583238345,-0.7808295
-0.20702309500000005,-0.496767
-0.9072804649999999,-0.5865373
-0.829237671,-0.8582344
1.028319829,0.97416866
0.5215459,0.51741683
-1.125610455,-1.0810082
-0.1386810490000001,-0.23045324
-0.644497001,-0.603312
-0.30655841699999997,-0.21826188
1.036770165,0.9872096
-0.08032732500000006,-0.01719929
-0.9202321310000001,-0.9404692
-0.3893738950000001,-0.71493226
-0.5861070860000002,-0.61161816
-0.9242070450000002,-0.9277814
0.3432103820000001,0.31290227
-0.633174975,-0.6148285
-0.5780734690000002,-0.66920334
0.44312846100000014,0.3941499
-0.636079235,-0.1859138
-0.7748868770000001,-0.66905683
-0.839880043,-0.7704385
-0.17161430700000002,-0.10544963
1.2383898619999996,1.4735467
-0.5191985099999998,-0.5124942
-0.7178521750000002,-0.79733574
-0.4243616669999999,-0.48659638
-0.4596682449999998,-0.49279603
0.08144380800000017,0.031256597
0.24841122700000007,0.34287807
1.4793241620000006,1.2671719
-1.2650191950000003,-1.1530222
-0.17442034499999992,-0.19062345
-0.401794725,-0.020948282
0.01269438299999992,0.027310403
0.1748587960000001,-0.29081324
0.8161895399999999,0.65625745
0.5521652379999997,0.3794514
-0.3162123349999999,-0.32938054
-0.8279473549999998,-0.86475414
0.047826591999999835,-0.07404015
-0.887389215,-0.8811111
-0.541057551,-0.59042245
-0.1644664200000001,-0.22445787
-0.823302215,-0.7759629
0.9108492370000001,0.9314622
0.07007584399999978,0.14519832
0.927874584,0.87836754
-1.1265268020000003,-1.0896907
0.20752480500000026,0.33903915
-1.1211457510000002,-0.96745247
0.9163047119999999,0.7953039
0.39221032899999986,0.23055999
-0.6377591900000001,-0.57805294
-1.1588568950000004,-1.0680158
0.40210656499999997,0.36546218
-0.877066315,-0.8328752
-0.5290574669999999,-0.47991726
-0.5856761929999998,-0.56803524
-1.015532205,-0.9488763
-1.405398415,-1.0672251
-0.27874239599999995,-0.2225771
0.17839662499999998,-0.080534615
-0.6379622750000002,-0.18712401
0.6049108319999996,0.5443892
-1.071060477,-0.9389352
0.3978966919999998,0.3224594
-0.998167711,-0.9929343
1.0191893209999998,0.87935287
-0.046681672999999924,0.051901594
0.15342948300000003,0.2567055
0.8497433540000006,0.46596947
-0.41323847,-0.3670431
-0.515089455,-0.5371264
-1.0580977909999998,-1.04202
0.3730690750000003,-0.4157565
-0.9892985680000004,-0.9416574
-1.017753785,-0.9904518
-0.2045137050000001,-0.41240683
-0.934567224,-0.9584081
0.820550165,0.6857489
-0.3882053569999999,-0.4705421
-1.019667535,-0.9811534
-0.24394080399999996,-0.26897478
-0.24806523400000002,-0.24842532
-0.06928848300000001,-0.038246922
0.37269650100000007,0.5116012
0.7368626450000002,0.45963407
-0.18988035599999997,-0.2726302
-1.748247814,-1.4640867
0.15000615500000003,-0.027885674
-0.19977863299999998,-0.24097316
-0.6961808450000002,-0.8256179
-0.04974986499999989,0.06747791
-0.12926590999999998,-0.22756465
0.04371207499999996,-0.7382156
-0.781558156,-0.44920158
-0.46196208500000013,-0.41362482
0.3680904300000001,0.29597604
-1.609144235,-1.2237309
-0.36732565400000006,-0.377753
0.367990837,0.31459272
-0.014010733000000108,-0.31006023
-0.19569025900000003,-0.21145284
-0.7782740140000002,-0.78392226
-0.5465224129999999,-0.5388787
-1.2750135290000002,-1.1488222
0.37219213799999995,0.51939315
-0.9275918569999999,-0.9306927
0.34331909100000013,0.28590542
-1.0013755250000003,-0.98375165
-1.023126536,-0.89090306
-0.6353606429999998,-0.63992745
-0.8658533849999996,-0.9217437
-0.4495792729999999,-0.44235328
-0.9225437379999999,-0.8753529
-0.251858229,-0.30869666
-0.3094111749999999,-0.8871907
-0.6016845409999998,-0.56430143
-0.979766557,-0.96214676
-0.09538717499999994,-0.46375573
-0.15117311499999997,-0.19816272
0.021325205000000125,0.042477444
-0.15175448599999997,-0.201394
-0.830669398,-0.8564683
0.19913262500000029,-0.38595352
-1.0445794350000002,-1.0406544
0.350623715,0.34095365
0.20620495500000002,0.3630978
0.682650763,0.7164686
-0.02114596599999996,-0.037204448
-0.7239418949999998,-0.55684084
-0.08144203899999991,-0.11246881
-0.606340382,-0.5594687
-0.06190848300000007,-0.07859277
0.06107670200000004,0.032923177
-0.08366177499999994,-0.18873335
-0.09912236400000007,-0.0919908
-0.8011363389999999,-0.81607413
-0.896784217,-0.8210201
-0.8803568409999998,-0.7650498
-0.30749108700000005,-0.33697572
-0.13910173700000006,-0.20259883
-1.071824845,-1.0324935
0.8262581610000002,0.69437164
0.6001172750000003,0.60014117
-0.9137046050000004,-0.8894799
-0.14009644900000007,-0.016188849
0.33046606600000006,0.2992916
0.9063726920000001,0.85710824
1.3711592249999995,-0.22250804
0.664744856,0.5877494
1.9766826949999996,-0.91781443
-0.2854611710000001,-0.23879112
-0.305102607,-0.79214066
-0.368696428,-0.43300527
-0.26241270800000005,-0.17757313
0.7936083950000004,-0.38379592
0.4071767260000001,0.33555582
-1.158089935,-1.0711422
1.305411695,1.2202581
0.5527372210000001,0.5106203
0.8553892250000004,-1.0365112
-0.8441780809999999,-0.9364964
0.7329099159999999,0.7391073
1.259624483,1.1008068
0.7179882819999999,0.6508314
0.34188237499999996,-0.17172469
-1.3393236550000003,-1.034773
-0.24434459500000005,-0.6136587
-0.8349214489999999,-0.69529736
1.280154928,1.1576228
-0.8236917849999998,-0.77584976
-0.3718385259999999,-0.24822234
0.07970078299999983,-0.28733107
-0.2225688050000001,-0.6121951
0.786246134,0.6447739
-0.07069833499999989,-0.19491611
-0.578844911,-0.70703083
-0.16353837599999999,-0.21438071
0.2246782249999999,0.2691861
-0.168873555,-0.52341473
0.20769401700000034,-0.09690957
0.5751554560000001,0.56131524
-0.8982582580000003,-0.78063923
0.3669158509999999,0.1825631
0.09902548500000008,0.29076168
0.45831671200000024,0.6369613
-1.0783069750000003,-1.06679
-0.019722538999999983,-0.05063933
0.36220978500000034,0.19828351
-0.2617155520000001,-0.30352938
1.1546043240000001,0.88755125
-0.607285978,-0.56789875
-0.4861841629999999,-0.4223933
0.794704112,0.7151097
-0.6064969840000001,-0.60217196
-0.862350524,-0.8197796
-0.29717852899999997,-0.24370833
0.44084455499999997,0.29049304
-0.0714903950000001,-0.30844426
-1.1893938950000003,-1.117806
1.698413762,-0.117739625
-0.3810259060000001,-0.40860456
0.18068807900000028,-0.13807414
-0.01973315100000006,-0.01078586
-0.2976943249999999,-0.23121628
0.28275030499999976,0.21057865
0.7999208060000003,0.7629684
-1.755360355,-1.1435298
-0.9906981859999999,-0.9776229
0.3796894190000002,-0.01779636
-0.8281139770000003,-0.72826326
-0.647998018,-0.82245785
-0.9977087750000002,-0.874084
0.9573235599999999,0.8646613
-0.05074392499999991,0.09057134
1.0507041849999998,0.9420646
-0.8043089139999999,-0.90284216
-0.27253887999999993,-0.2918009
0.3208846660000002,0.40910134
-1.0487181630000002,-1.0149328
0.1481938770000002,0.037661538
-0.36996720000000005,-0.4156851
-0.92194227,0.6293423
-0.3017641790000001,-0.27126226
-0.726383795,-0.4228178
-0.40299052700000004,-0.32668144
-0.02817480299999997,-0.044924136
-0.321936695,-0.29649132
-1.2408715650000004,-1.231684
0.8939351850000004,0.77621144
-0.262519921,-0.25500262
-0.884502635,-0.72724843
-0.6675319050000001,-0.66690165
1.146822276,0.9465615
0.3557234010000001,0.29357278
-0.250579294,-0.27554733
0.04841721499999996,0.11868514
-0.550280775,-0.5966796
-0.827840911,-0.89560086
-1.070728635,-1.0011525
-0.8808775309999997,-0.8644419
-0.581951635,-0.5509747
-0.552328642,-0.5318313
-0.19848051399999989,-0.26685703
-1.1575975759999997,-0.9688109
-0.15572313100000001,-0.0011595136
-0.420631395,-0.46463555
-0.921212148,-0.9052015
0.012061241999999917,-0.35815477
1.1779798550000002,0.86336005
-0.580665489,-0.59714293
-1.414259495,-0.38592252
0.08696459000000001,0.051289164
-1.6551927689999997,-1.2174151
-0.4360224260000001,-0.6612641
-0.16756606900000004,-0.28217748
0.798008254,0.6647375
-0.9847300489999999,-0.9817001
-1.3200698099999997,-1.0072631
0.6207885389999996,0.43813172
-0.8174548050000001,-0.7823407
-0.061321635000000096,0.02138327
0.04046781799999999,0.018796083
-0.9585282080000004,-0.9226492
-0.045685873000000043,-0.17411585
-0.30421116299999995,-0.32679915
1.155744855,1.4503418
-0.5851953350000001,-0.6817694
-0.7575693050000001,-0.7474249
0.823089395,0.78847665
-0.6425751050000001,-0.71996105
-0.20919283500000008,-0.43499833
-0.033821572999999994,-0.09029673
-0.805539625,-0.7749781
-0.28027330799999994,-0.16250594
-0.22205754600000005,-0.34097186
-0.797569062,-0.8247427
-0.9225394949999999,-0.9036309
0.9210219409999998,0.73592186
-0.2950435950000001,0.101023205
-0.279894117,-0.22606224
-0.7133232949999999,-0.7412853
-0.51535463,-0.46532515
0.13211575899999994,0.089653015
-0.9061707839999997,-0.8043895
0.6957779419999999,0.5377049
0.823453075,0.7005909
-0.8618004460000002,-0.9381404
-0.20790844199999992,-0.22519127
-0.1279494240000001,0.0021970486
-0.10253331099999996,-0.31053415
0.9724872819999997,1.0237951
-0.325569035,-0.19068125
-0.21217722800000005,-0.3522923
1.083231955,-0.16953972
-0.577690335,-0.49493167
0.022188979000000053,-0.0940967
0.2552061809999999,0.24017093
0.4970642270000001,0.27134523
0.27393972300000025,0.33991566
-0.621150858,-0.35379902
-0.018285778999999946,0.059337847
-0.11743788499999996,1.1627018
0.325127465,0.3687037
0.21687949100000004,-0.050323583
-0.648540476,-0.56703043
-0.889846403,-0.955162
0.229427477,0.23076373
-0.029431969000000002,0.10060469
-0.820932175,-0.76572627
-0.21790862600000005,-0.19826472
0.22655028099999974,0.14247993
-1.1753614400000005,-1.0894039
0.49263448499999996,0.4368507
-1.0708993649999998,-1.63933
0.3412454629999999,0.25667667
-0.569865775,-0.6676242
-0.4785883769999999,-0.34645793
-0.300016936,-0.34567806
-0.470225366,-0.4129686
0.6803177950000001,0.6381354
-1.025759985,-0.99454546
-1.299037179,-1.0298834
-1.1095851300000001,-1.0093135
0.389513545,0.35239834
-0.03600583099999999,-0.062855795
-1.16935303,-1.1082388
-0.3956644060000001,-0.3913083
0.8894008160000002,0.63617927
-0.4541729750000001,-0.39271882
0.5475817519999999,0.51012594
0.3116172850000003,0.21056116
-1.4508982750000001,-1.343616
-0.5795827249999999,-1.7893621
-0.6322931029999999,-0.6799089
-1.0080808179999998,-0.9749696
-0.17430700900000007,-0.3718228
-1.3444307550000003,-1.2647641
-0.7411807850000001,-0.8067218
0.5467084029999998,0.51328856
-0.18854993499999995,-0.049364068
-0.284672437,-0.4271593
-0.6356328929999999,-0.57647437
-0.879342809,-0.5814001
-0.737300225,-0.8096632
0.5322181349999999,0.52422637
0.8959432490000001,0.7515249
-0.975464165,-0.9732266
-0.7162545090000001,-0.6728518
-0.18673199900000004,-0.16922638
0.16192120399999999,0.11637058
-0.9068404560000001,-0.9447324
-0.514875835,-0.6842732
-0.501043211,-0.15751275
1.2334069950000002,0.88319695
0.31128054400000016,0.2824281
0.6587715489999997,0.64338624
-1.755194215,-1.1281937
0.37761414299999996,-0.13711672
-0.46683197099999996,-0.4243264
0.87136171,0.7149167
0.11790141499999995,0.16279626
0.17446551599999993,0.3052324
-0.4837907859999999,-0.44002047
-0.8280792819999998,-0.8446691
0.31079881499999984,-0.7897317
-0.9369060249999996,-0.91483015
-0.42885059299999995,-0.45374972
0.39012350500000004,0.35502636
-0.26789852299999994,-0.26527834
0.12796139699999975,0.06912189
-0.31762964000000005,-0.26970702
-0.31275512900000013,-0.269794
-0.6889797219999998,-0.6356676
-0.9234964080000003,-0.9126946
-0.879554513,-0.9650578
-0.9408620329999999,-0.92784995
0.34114340499999996,0.31751543
-0.8941925149999999,-0.7734441
-0.992032904,-0.97677785
-0.05082270200000005,-0.0634155
-0.25813086099999993,-0.25887665
-1.0700699550000001,-0.89983785
-0.9855922420000001,-0.91913635
-1.0409193799999996,-0.98329335
0.283894463,0.18825206
-0.07987439099999993,-0.17824438
-0.5253430649999999,-0.084088296
-0.37857905800000013,-0.40531623
-0.94124585,-0.92088395
-1.102608676,-1.0564125
0.8364501840000003,0.77383614
-0.5893055119999999,-0.47940505
0.30700427500000016,0.30979407
-0.5359629000000001,-0.2338744
-0.504524363,-0.4937908
0.09325014699999978,-0.0423938
-1.0974956750000002,-0.9915471
-0.9200387939999999,-0.79880226
-0.5212702490000001,-0.56649107
-0.09998401199999996,-0.10041462
-0.8446183619999998,-0.80625606
0.7701293749999998,0.65588987
-0.534697298,-0.32883722
-0.1740584329999999,-0.06519384
-0.46898469500000006,-0.49101666
-0.8085393650000001,-0.7770564
-0.636716042,-0.62520653
-0.2197719949999999,-0.38410062
0.17531097299999998,0.14373605
0.20230072,0.22158413
0.5056324110000003,0.4512528
0.713001524,0.6997909
-0.6904830150000001,-0.67974627
0.619489467,0.5209053
-0.381480472,-0.5046429
-0.12425629400000004,-0.1039431
0.3839617419999999,0.3440989
-0.997415535,-0.959935
-0.9842652789999999,-0.96140456
0.8897088490000002,0.84887815
-0.5328899180000002,-0.57868636
0.74085428,0.72829825
-0.3409827220000001,-0.27744946
-0.252702462,-0.19185309
0.33815532300000006,0.39945227
-0.863094475,-0.77624786
-1.2038720549999997,-1.1124635
1.129073515,1.0720695
-0.819388783,-0.77391714
-0.5597547650000001,-0.49838102
-0.11149225100000004,-0.16772935
0.22909250500000033,-0.0058487365
-0.24010855499999995,-0.19998045
-0.325912105,-0.37947398
0.4850159780000003,0.43697733
-0.1955093029999999,-0.30850413
-0.7673301399999999,-0.77759945
-0.5285116060000001,-0.6019868
0.22195672700000002,0.20004195
0.09397951500000001,-0.9867677
-0.6210521450000002,-0.5828908
1.7916765630000002,0.28206703
0.7181915509999999,0.69280833
-0.3042258549999999,-0.26379958
0.721123578,0.6446362
-0.140974288,-0.12628119
0.483112223,0.1683056
-1.0425425389999998,-1.0254972
0.8232429030000001,0.51489216
0.9286190869999995,0.80289304
-1.3322428230000005,-0.8286867
-1.2157972840000002,-0.81043476
-0.6000608110000001,-0.71267045
-1.043929145,-1.0405616
-0.9389371149999999,-0.9154973
-0.8155394550000001,-0.6696643
1.065054109,0.7926036
0.521179635,0.5485275
-0.8313304989999999,-0.8379122
0.007758374000000234,-0.06647825
-0.958595885,-0.91593343
-0.035294253,0.051230323
0.8591809420000001,0.75964
-0.9037267939999998,-0.87806183
-1.006511665,-0.79010504
0.06146507700000026,0.12699772
-0.621413875,-0.68567276
0.3711465409999999,0.22705686
-0.08162585199999994,-0.06925963
1.217297312,0.9147918
-1.10520437,-1.0462152
0.32475481900000025,0.1445663
0.18111407300000004,0.13556884
0.6797063550000002,0.6172302
-1.158542835,-1.0694538
0.211070133,0.1657498
-0.1360275310000001,-0.22136407
-0.604741033,-0.642477
1.0575791419999998,0.86452496
-0.45043996900000005,-0.4320088
0.8509152119999996,0.6652148
-0.3121988550000001,-0.45584264
-0.9523072770000001,-0.9914163
-1.068624378,-1.0260504
0.5630199949999999,0.49924007
-0.008840026000000112,-0.003833534
-0.5370486340000002,-0.62787914
-0.2161110420000001,-0.19569094
-0.9092198549999999,-0.8866024
-0.9980591649999999,-0.959286
-0.783401319,-0.8328954
-0.12396758199999991,-0.16911751
1.1563885740000006,0.91691196
-0.4638947849999999,-0.20853543
-0.3658800499999999,-0.33336404
-0.7006700049999999,-0.55122006
-0.8010208269999997,-0.74801725
-0.7620614720000001,-0.84965026
0.35973082099999987,0.3487728
-0.7996651450000001,-0.7772602
-0.6724135680000003,-0.65831774
-0.351022634,-0.37108648
-0.22712036000000002,-0.23434907
-0.501668121,-0.4860152
-0.9572465449999998,-0.9913651
0.3650841169999999,0.38057014
-0.621222975,-0.6953863
1.0833941730000003,0.6965853
-0.06740588499999989,-0.559171
-0.537204615,-0.8995323
-1.856067077,-1.5761123
-0.459237138,-0.2299185
0.3677878400000001,0.41021693
-0.17960384100000004,-0.15671211
0.2780317700000001,0.3964786
-0.9766520779999999,-0.94732773
1.053706505,0.6084971
0.15877651999999998,0.35848936
-0.8714681149999999,-0.83821046
-0.750150605,-0.95838255
0.04197910500000002,-0.15894192
-0.8821665339999998,-0.9507379
0.11874245500000002,0.16581121
-0.145097735,-0.21040852
-0.5952252150000004,-0.6017281
-1.0986122759999999,-1.0046108
0.7064697029999998,0.6305039
-0.159456995,-0.3220483
-0.43175091899999996,-0.49139944
-0.89155691,-0.8573682
0.1966166709999999,0.1300104
-1.293849245,-0.91634846
0.1679380490000002,0.19556344
0.8228678940000005,0.79013455
0.02008621899999996,0.037325483
0.45242585600000007,0.4473172
0.38423689500000013,-0.6711874
-0.936564403,-0.8985531
-0.33806158,-0.4705146
-0.4898148419999999,-0.76325995
-0.8673777650000001,-0.92436326
0.9277208390000002,0.86710274
-0.37948319499999994,-0.3705771
-0.20910288599999993,-0.24669793
-0.23066668299999993,-0.2936873
-0.5738830350000002,-1.593393
-0.807953095,-0.8057608
-0.8498273009999999,-0.750636
-0.9942696799999999,-1.0028453
-0.3279910690000001,-0.3531037
0.98127951,0.9468941
-1.1606232099999998,-1.1140285
-0.622302988,-0.6101317
-0.3246466400000001,-0.2969296
-0.23968181499999996,-0.34523812
-0.10791436200000004,-0.10732324
-1.1436588170000004,-1.1160452
1.219126053,1.2782128
-0.5754687949999999,-0.33314493
-0.840519705,-0.8660847
-0.550842901,-0.661533
0.3975901049999999,0.011901533
-0.39252530100000005,-0.5334632
0.2008900819999997,0.1786842
0.30151587499999977,0.3869304
0.16086159200000005,-0.06991435
-0.44315847499999994,-0.4878506
-0.30153777999999987,-0.3648444
-0.330133115,-0.27604416
0.681039849,0.6941233
-0.8719777049999999,-0.835244
0.2486261970000001,0.29239455
-0.19462370900000003,-0.22659169
0.2700614199999998,0.30054286
-0.22481800400000007,-0.3072527
-0.752395036,-0.7821577
0.33161520300000036,0.34054595
-0.7533486589999998,-0.65604204
0.8039459150000001,0.3405155
-0.15466297499999992,-0.28943542
0.8958927750000001,0.49407515
-0.37265337099999996,-0.59282625
-0.8785964000000002,-0.858263
-0.736886205,-0.8100103
1.1098879929999996,0.9568322
0.1717214949999999,-0.083395965
-0.9669049599999999,-0.9535413
0.214889659,0.18526168
-0.8865168180000003,-0.82757723
0.31042475500000033,0.29953438
0.10344951799999991,-0.053183973
0.35680627799999987,0.20624304
0.265679843,0.13957675
-0.9463798209999998,-0.9276024
-0.8220423009999998,-0.75680804
0.27704631,0.25404105
-1.3372036650000005,-1.155289
0.3328186259999999,0.19920516
-0.6113166639999996,-0.53539234
0.12528624500000007,0.12329855
-0.23621012499999994,-0.33449647
0.9922766250000001,0.93510425
-1.2772531850000006,-0.9815326
-0.9369060350000002,-0.9148451
-0.07069834500000005,-0.1949254
0.07847518200000003,-0.08175525
-0.756830705,-0.74719095
0.1992816169999998,0.22107892
-0.7055775780000002,-0.66443914
-1.3393884649999999,-1.247939
0.53097138,0.13203344
-0.8183399200000001,-0.82690156
-1.0073595649999998,-0.78866726
-0.427580638,-0.42797583
0.038933640000000214,-0.46597287
-0.18217354799999996,-0.23184703
0.762709783,0.79624546
0.3900788610000001,0.2922876
-0.466245585,-0.49287525
0.696442716,0.6759875
-0.07242595499999993,-0.10196574
-0.686865126,-0.64990187
-1.096671825,-0.991804
-0.5189031850000001,-0.83632904
0.30214908400000007,0.25820282
0.4230548409999997,0.47322384
-0.45230884700000007,-0.4529091
0.7983428180000001,0.8026947
-0.16569869500000012,-0.1953437
-0.502698208,-0.49474984
0.0226176939999998,-0.008118993
-0.5732139549999999,-0.51503485
-0.997731905,-0.9576921
-0.741938985,-0.74059284
-0.10997616799999999,-0.14952426
-0.10264569400000001,-0.31147066
-0.094043565,-0.17511669
0.004496137000000067,-0.1624788
-1.2116577150000003,-1.2581657
-0.2869941549999999,-0.4890698
0.17152859099999973,0.10868507
0.534546411,0.5752497
-0.042174844999999905,-0.359877
-0.37541151699999986,-0.25106624
-0.386120829,-0.35672095
0.20545343100000024,0.17354672
-0.3326388950000001,-0.33065045
0.283857456,0.2068318
-0.811387547,-0.9296001
-0.28166408200000004,-0.0015152455
-0.1275246539999999,-0.0153722465
-0.43711156100000004,-0.31599972
-0.8591637649999999,-1.0915141
-0.4845306629999999,-0.49323288
-0.40794680799999994,-0.38787842
-0.821842433,-0.6761655
-0.5333155039999999,-0.32829034
-0.05786813700000004,-0.14695957
-1.2985185750000001,-0.8943785
-0.2445316850000001,-0.18407372
0.02563829399999973,0.0017186304
-0.5923674729999999,-0.6210814
0.7312579129999999,0.6526942
0.77443789,0.7139787
-0.017501954000000097,-0.12624593
-0.958595885,-0.9159328
0.8239519959999999,0.82778543
0.5184404009999997,0.49827603
0.4033418260000001,0.27375603
0.07122162499999973,-0.6905023
-0.862257461,-0.83014417
-0.31639363500000006,-0.7437643
-0.22764622,-0.18698882
0.060146546000000134,0.09835692
-0.4282477250000001,-0.52098215
-0.8525793849999999,-1.0082414
-0.5874389469999999,-0.31966168
-0.7332446159999999,-0.53452617
-0.0413019830000001,0.12676616
-0.41782676500000004,-0.38594884
-0.029785173000000054,-0.15349282
-1.0064832949999998,-0.7856224
-0.25348631499999996,-0.33395776
0.3059306500000001,0.08871584
-0.563216135,-0.86854005
0.7752840280000002,0.7260037
0.8867172300000001,0.7072499
0.2664783609999999,0.29742905
1.0774299950000001,-0.16152464
-0.430648994,-0.32116202
0.05352343199999998,-0.1595109
-0.533189924,-0.51566577
-1.1005179949999997,-0.911796
-0.237677288,-0.17660555
-0.540342436,-0.540049
-0.48328411000000004,-0.35820296
-0.7821598000000003,-0.7636732
0.9770084109999999,0.6994843
0.40471246299999986,0.51640755
-1.056028345,-0.49326497
0.15219122900000026,0.15091996
0.7090572339999999,0.673892
-0.17354481799999988,-0.24130125
-0.5565228690000001,-0.55840135
-0.890081195,-0.8606562
-0.07382421199999989,-0.12005699
-0.21329466399999997,-0.24612634
-0.17632269200000006,-0.3654353
-0.13444042699999992,-0.1331459
-0.1413271250000001,0.22755466
0.54060625,0.4180538
-0.4576290809999999,-0.6673615
-0.9806784099999997,-0.9382694
-1.0860901409999992,-1.0342412
-0.5435644,-0.5007527
0.5351728169999996,0.50321203
-0.7609894790000002,-0.7965891
0.5579996309999999,0.49283987
-0.15148149500000008,-0.20574063
-0.37788924999999995,-0.38179094
0.2413206200000002,0.22179103
-0.7183847520000002,-0.76829284
-0.240447654,-0.21659091
-0.9750240209999999,-0.9914415
-0.1170580670000001,-0.12853047
0.4111344859999999,0.390083
0.05961102600000001,0.034357056
-0.849185925,-0.38600147
0.643843111,0.7207072
-0.044409794999999974,-0.09434882
0.041335589000000006,0.05113642
1.275234293,0.9203788
0.6441218920000005,0.5832988
-0.34770801500000004,-0.30874342
1.3839036550000001,1.3178797
-0.8056093049999999,-0.6895698
1.0685220639999997,0.9809928
0.5867768940000002,0.68253076
-0.6594102749999999,-0.6769409
-0.34648336700000004,-0.32472572
-0.046259625000000026,-0.048031416
-0.5176710149999999,-0.6837126
1.175179124,1.1078715
-0.26790968000000004,-0.27257466
0.6018075100000004,0.5666595
-0.41943205299999997,-0.5055844
-0.04669943099999996,-0.21087995
-0.811176415,-0.8079267
-0.34062462000000004,-0.42912698
-0.8874426749999997,-0.8728681
-1.0394257469999997,-1.008431
0.28363304199999995,0.4272248
-0.290348187,-0.2465274
0.32537753700000005,-0.34628338
1.148123117,0.95496666
-0.848195706,-0.71928906
0.830731984,0.8042402
-0.8720130140000002,-0.843202
-0.6690813979999999,-0.5430141
0.21536027999999985,0.11876661
0.5580612650000001,0.3626292
-0.2763278549999999,-0.239192
-0.996874898,-0.9207514
0.7593638710000001,0.7947236
-0.824523345,-0.9151098
-0.8695381389999999,-0.7954392
1.204331087,1.0195556
-0.22466738899999994,-0.22933426
1.060784371,1.0302265
-1.056028355,-0.49326497
0.709158596,0.6657627
0.542367235,0.5099336
-0.1480602689999999,-0.17795202
-1.940249375,0.23784937
-0.8623488950000002,-0.7668005
0.4313262849999999,0.56923366
-0.13347619200000005,-0.09484388
0.48992164599999977,0.45883852
-0.6504028239999999,-0.9059438
0.15433984,0.011179284
-0.3197572980000001,-0.2166497
-0.05214272600000003,-0.12588666
1.2796962049999996,0.94653195
0.5264374190000001,0.52253
-0.41382068500000013,-0.26176262
-1.1475383050000003,-1.0992354
0.07163546499999995,0.1292618
-0.6033019589999999,-0.6525783
0.040692855999999944,0.2846205
-1.037998102,-0.89659965
0.03852057100000006,0.116438925
-0.435960248,-0.51727927
-0.4272524689999999,-0.2625497
-1.1016961419999998,-1.0391407
-0.213679725,-0.5701306
-0.863868965,-0.6951828
0.7425838350000007,0.73335344
0.03218970700000012,-0.056878712
-0.312813443,-0.26635343
-0.9371754349999997,-0.98274916
0.4633250150000001,0.034831103
-1.05570006,-1.0066422
-0.8436342620000001,-0.8367958
-1.189925955,-1.1247884
-0.9467732050000002,-0.73757696
-0.27231465900000007,-0.30550113
-0.5660060360000001,-0.57840914
0.937938578,0.8795288
0.9573174369999997,0.838952
-0.6457072269999999,-0.6323924
-1.8088130789999997,-1.7297007
-0.76972583,-0.700593
0.5879431740000001,0.31974202
-0.2068354750000001,-0.53507465
0.6508531950000003,0.73798233
-1.0622042609999998,-1.0198002
-0.2084854599999999,-0.30886015
1.028907051,1.1048675
-0.13711027199999992,-0.25462195
1.4324957449999998,0.649607
0.5761648620000004,0.49781153
-1.4728624149999994,-0.640322
-0.9826894650000004,-1.0035458
0.3301781049999999,0.3071109
-0.34635615399999997,-0.34323317
-0.2863791339999999,-0.22501741
-0.3946062910000001,-0.41608682
0.7090757679999997,0.38898292
-0.41906669100000005,-1.7257549
-0.5701920999999999,-0.5024133
-0.003794864999999925,-0.04851493
-0.12918788700000006,-0.2130873
1.0043148950000003,0.82452804
-1.928213779,-2.11735
-0.28972872000000005,-0.29336464
0.650930588,0.35065117
0.1614799709999999,-0.021074342
-0.15276157999999995,-0.14446497
-0.668850781,-0.5705113
0.823174158,0.75188726
1.113213815,0.78040564
-0.1897261050000001,-0.06982685
0.011260615000000307,0.054327995
0.07407095500000005,0.08836601
0.20754244899999996,0.105832495
-1.0549313380000003,-1.0090998
-0.725529101,-0.85989344
-0.637409932,-0.64754134
0.19773338499999982,0.20595832
-0.23859444799999996,-0.3058076
-0.026438036000000054,-0.020016463
0.42646186099999994,0.011901533
-0.5219382850000001,-0.55006635
-0.3642356659999999,-0.36767113
0.9639870830000001,0.8019272
-0.45831127000000005,-0.6676379
0.2242686049999998,-0.69209945
-1.017113555,-1.0033385
0.05806269899999994,0.30361655
-0.9545722169999997,-0.937647
-1.176815635,-1.1023756
-0.17750189800000005,-0.19975318
-0.913387787,-0.9176758
0.32542148400000004,0.27307647
-0.8556002550000001,-0.8195494
-0.8048978949999999,-0.8307763
0.18109026299999997,2.8384295e-06
-0.24601621699999998,-0.21616481
-0.3740498589999999,-0.31912145
-0.412968805,-0.3524653
-0.8298058449999999,-0.7646272
-0.5719500910000004,-0.8241626
-0.502047447,-0.54750675
-0.3424657419999999,-0.31004936
-0.34695738899999995,-0.41149193
0.15891747499999997,-0.12599884
-0.6672359220000001,-0.6794479
0.5523531450000001,-0.3923434
0.285105382,0.17942712
-0.6061296299999999,-0.44457096
0.8904158010000001,0.74780536
-0.6254527749999998,-0.6804059
0.09078629199999999,0.1466988
-0.7138647150000001,-0.7426332
-0.1119560690000001,-0.2568459
-0.61891762,-0.6518091
-0.8349371749999996,-0.74734235
-0.265839438,-0.11399132
-0.676876915,-0.6155238
-0.26051417,-0.2765649
-0.373053243,-0.3913131
0.22184965100000031,0.22210969
0.7446161180000002,0.66960037
-0.24352923199999998,-0.19269595
-0.6223598249999998,-0.5842879
-0.692185565,-0.48406819
0.5889238720000001,0.30976772
0.15917217400000006,0.105129674
-0.680700114,-0.5973282
-0.18372861499999993,0.073397905
-0.41284798700000014,-0.43869895
-1.090009785,-1.082375
1.022637675,0.17435853
-0.49055036500000004,-0.4393991
-1.211856575,-1.2577676
-0.7373002149999999,-0.8096647
-0.2170927250000001,-1.1828184
0.8899454520000003,0.75803477
0.05745751699999979,-0.07295672
-0.29790152299999995,-0.29250973
-0.403560605,-0.33505675
-0.2842750139999999,-0.2576908
-0.9488154449999999,-0.9123783
0.5995620260000001,0.69650275
-0.370449657,-0.42110258
0.01961097199999995,0.14445126
-0.8062676550000001,-0.76673836
-0.5749425270000004,-0.34052607
-1.0422403569999994,-1.006619
-1.0112610120000003,-0.9546186
0.4660480109999998,0.34287807
1.113213815,0.7803714
-0.2186776450000001,-0.2771209
-0.14501413500000004,-0.46612707
1.2558182850000001,-0.17130226
0.3155860050000001,-0.00227586
0.975720768,0.9030209
-0.8348832050000001,-0.7574277
-0.37271574500000004,-0.391734
-1.603759915,-1.776169
-0.5539392840000001,-0.553575
-0.24062408700000004,-0.25610286
0.386408726,0.31137675
-0.3637979709999999,-0.40164292
0.0544786450000001,-0.379252
-0.15984824000000009,-0.15561311
1.934307235,1.8779932
-0.7548821559999999,-0.87059754
-0.20632120200000004,-0.3251136
-1.1058245750000002,-0.9918768
-0.908415985,-0.8069276
-0.3030497809999999,-0.24031954
0.9266034549999997,0.11041558
-0.612639545,-0.8084413
-0.666888215,-0.74510485
0.33818608699999975,0.259423
-0.4779687450000001,-0.3860198
-0.278346754,-0.21946555
-0.1652945990000001,-0.22584778
-0.3068508030000001,-0.31254706
-0.393779627,-0.3243831
0.16083295899999994,0.16760948
-0.7594767750000002,-0.6766081
-0.5511235750000001,-0.091734745
0.45831058999999996,0.34781614
0.8111170660000002,0.7885575
0.9687519330000003,0.81476825
-0.3216366530000001,-0.4094945
0.8970825900000003,0.7254668
-0.8311811850000002,-0.9260032
-0.9225495649999997,-0.48338717
-0.9759973719999999,-0.9611845
1.222855917,0.88039
-0.6747238140000003,-0.61783206
-0.8168863050000001,-0.68578786
0.05358479499999991,-0.05696948
-0.8237469580000001,-0.8240789
-0.3137392349999999,-0.45987508
-1.1188405379999997,-1.0331073
-0.33046252900000006,-0.34580383
-1.040040505,0.5145017
-0.679755245,-0.82215923
0.5476738630000002,0.43824267
-0.8237411080000001,-0.5459906
-0.25087780300000007,-0.32036132
-0.6254781480000002,-0.8276561
-0.977750737,-0.9951822
-0.9540252250000001,-0.91225684
-0.5579413980000001,-0.65595716
-0.8426684949999999,-0.78056383
-0.22658484000000012,-0.19208238
-0.49094751599999986,-0.31068853
0.7686930220000001,0.7419229
-0.9230874550000001,-0.90439314
0.8719992720000003,0.791781
-0.393451032,-0.49675193
-0.055314212999999945,-0.055328444
0.6342671350000002,0.5820666
1.6817944050000002,-0.9181733
0.14206573700000003,0.1246168
0.388590263,0.44052282
0.48083603700000044,0.37718967
-0.15118617700000003,-0.20363976
-0.3800740519999999,-0.40019035
-1.077825995,-1.0217054
-0.06330837299999992,0.10450188
0.6035431880000002,0.39753965
-0.93902921,-0.9324131
0.15129842399999993,0.1283518
-1.340967065,-1.0052303
-0.7988100550000001,-0.9958987
-0.633237338,-0.5204814
0.1179792850000001,0.16594395
1.3284447939999997,0.92760867
0.4735218900000002,0.4730422
-0.14003576799999995,-0.17278026
-0.952205325,-0.9122127
0.05935333400000009,-0.07841714
-0.17202642299999993,-0.3338259
0.44975495499999996,0.35807577
-0.34908028599999996,-0.4288084
-0.27846208500000014,-0.59678316
-0.23974984300000002,-0.26970798
-0.581135022,-0.57184285
-0.40003210499999997,-0.50048447
-0.247220593,-0.30944613
-0.40598065000000005,-0.35568362
-0.976163361,-0.92590624
-0.06805635100000007,-0.13410614
0.24337222300000017,-0.107253455
0.10508281799999986,0.13937625
-0.16214433699999997,-0.14442801
-0.7122002250000001,-0.693893
-0.7267867450000001,-0.7427218
0.12514352200000012,-0.17385939
0.32148712599999985,0.28894553
-0.028888814999999957,-0.09830693
-0.456822399,-0.4450284
-0.28517435000000013,-0.35055605
0.776154928,0.6424085
-0.28738639499999996,-0.3623567
-0.02260803400000011,-0.042143278
1.21563007,1.0176176
0.37110667600000036,0.35868135
-0.6157391350000001,-0.8114611
-0.328936106,-0.43178275
0.2298276199999998,0.20371121
-0.15792439600000008,-0.13740732
-0.3791235580000001,-0.37271583
0.04753631700000005,0.14665616
-0.9419458619999999,-0.9108906
-0.081821645,-0.678626
0.5056966300000001,0.44277778
0.15232334700000005,0.14854708
1.7111867150000006,-0.9181481
0.27772128900000004,0.24778736
-0.8071337249999997,-0.7745792
-0.485920621,-0.34349576
-0.06318646599999989,-0.2589978
-0.24193124399999988,-0.3342048
0.29103512500000006,0.2686228
-0.149023275,-0.45817512
0.4974402549999999,0.47191775
-0.474925045,-0.28363752
-1.02435513,-0.96428907
-0.6371190420000001,-0.6204975
1.3030709949999992,0.9766446
-0.580234425,-0.7352164
-0.7116176890000001,-0.6998058
0.705889829,0.6644957
1.0929426480000002,1.0114611
0.19913971000000008,0.18837398
-0.4202187340000001,-0.40639538
0.67630017,0.6544797
-0.18391888600000006,-0.32298183
-0.6675319050000001,-0.6668924
-0.07144321600000003,-0.03432673
0.4673576949999998,0.39436918
-0.715993007,-0.64165
-0.34877102800000004,-0.40529537
-0.4756434249999999,-0.4508846
-1.734303545,-1.1570426
-0.427840915,-0.48795736
0.07856511600000027,-0.12501262
0.726814566,0.706924
0.375696829,0.386318
0.8036761129999999,0.7240574
-0.15649111100000002,-0.35811675
0.6469486110000002,0.49090564
0.7612256739999999,0.53428257
-0.13854948199999995,-0.34267044
0.5978800909999997,0.5601815
0.9103456909999998,0.6400911
-0.16852445399999993,-0.25545943
0.08074243499999989,0.011738407
0.14593056999999998,0.2925503
-1.0138760649999998,-0.9889486
-0.555452665,-0.5027609
-0.26448444700000007,-0.23674622
-0.825481412,-0.815244
-0.10937683799999998,-0.17112136
0.7909420020000002,0.75981706
-0.6218896469999999,-0.65269834
0.48649736600000026,0.28976083
-0.44471945600000007,-0.2933745
-0.40393068,-0.4897527
0.07391101699999991,-0.111882314
-0.786247358,-0.7787283
-0.8006785549999997,-1.1552359
-0.19726688700000006,-0.16489738
-1.0675402150000002,-0.9782863
0.6762336379999998,0.7178482
-1.6185423349999999,-0.87773204
0.541591438,0.5281635
-0.8556002550000001,-0.8195474
0.7454756900000001,0.59958214
-0.34111782600000007,-0.2745174
-0.2735869550000001,-0.4014484
0.30335522800000003,0.30102155
-0.13002701300000008,-0.13576455
0.14095061499999995,0.051427722
-0.2256826460000001,-0.1930276
0.2916878030000001,0.24676989
-0.6922763349999999,-0.68595326
-0.691811067,-0.8524638
0.732359022,0.7413519
0.5484960110000001,0.47665912
-0.6350157049999998,-0.62322515
-1.7551942249999999,-1.1282392
-1.0741500579999999,-1.003408
-0.0348387349999999,-0.17193443
-0.4733142670000001,-0.41327125
-0.337701029,-0.2820002
-0.7265381550000001,-0.796185
-0.600075097,-0.63391995
1.3332670589999998,0.8239771
0.30322189300000013,0.32512382
-0.676703034,-0.631811
0.795000036,0.704483
0.39633707100000004,0.46670598
0.33786579399999983,0.33195463
-0.409708473,-0.3708033
0.4636950649999998,0.4056652
-0.6506101740000001,-0.57722354
-1.122569795,-0.9165346
-0.36513731500000013,-0.38393703
-0.6372125130000001,-0.6163067
-0.682885695,-0.47143927
-1.5470933450000004,-1.5746114
-0.06453737500000001,-0.30585298
-0.3146214220000001,-0.23927502
1.078474763,0.79087
-1.066087355,-1.1126542
-0.7125129050000001,-0.74661696
-0.80261691,-0.859998
-0.971051567,-0.8258238
0.6070276059999999,0.561407
-0.5714972940000003,-0.47795048
-0.5994900749999998,-0.44910106
0.2088247860000001,0.17104611
-0.9631374080000001,-0.9683059
-0.21829706800000004,-0.27793255
-0.3099104509999999,-0.34237292
-0.5439792369999998,-0.60000837
-0.13265263900000002,-0.14789833
-0.301826629,-0.13644944
0.2981286019999998,0.17286353
-0.9646916249999999,-0.89967245
-0.223479215,-0.6117655
0.24087925200000004,0.06333922
0.5025970249999998,0.32961452
-1.0992726150000003,-0.81916
-1.2641328449999998,-1.1447562
-0.5704625810000001,-0.5233917
-0.2942420000000001,-0.26425725
0.559871502,0.61938614
-0.634542645,-0.49778768
0.10980827400000015,0.020658946
-1.0494389919999998,-1.0044361
-0.9926591739999999,-0.99332595
0.8576033619999999,0.8094399
-1.018622905,-0.9998872
1.1785444910000007,1.097554
0.0458798899999997,0.0040763966
0.7229091890000001,0.5439006
-0.226913417,-0.19074221
0.0137191630000002,-0.15682192
-0.5840402550000001,-0.58207273
0.11113639900000005,0.13937625
-0.018386323999999954,0.06625969
-1.0469589470000003,-0.98486435
-0.019218584000000094,-0.5265062
0.48682417499999997,0.42967284
-0.25283770299999997,-0.24620003
0.5109557739999999,0.5318835
-0.8300288419999999,-0.8787093
-1.1771445850000002,-1.1060643
0.09166562500000008,-0.115451224
0.15972837399999995,0.016949799
-0.9370103979999997,-0.94440347
-0.3218432010000001,-0.26292714
-0.5151872050000001,-0.5321887
-0.21253791499999997,-0.51974857
1.006962294,0.9585802
-1.0787992590000002,-0.98764676
0.6993060339999997,0.64764386
-0.365788075,-0.4546565
-0.8096519849999999,-0.77266717
-0.6216316549999998,-0.6852898
-0.879856832,-0.9340704
0.3121032800000003,0.30990773
0.6934544980000001,0.592687
-0.9210037089999998,-0.90709424
-0.17653466900000003,-0.12311405
-0.17915362899999998,-0.06500263
-0.582328805,-0.6951831
0.24379467900000007,-0.10602503
-0.8722224059999999,-0.6181494
0.018283325000000072,-0.026160501
0.19551529000000012,0.10573444
-0.22758649100000006,-0.29557133
-0.5244421049999999,-0.50234824
1.276048866,1.0575904
0.749039464,0.4352518
-0.7858916150000002,-0.77411085
-0.766593256,-0.8119862
-0.415975255,-0.96131647
-0.788495975,-0.7740747
-0.11269934800000003,-0.21363103
-0.2755715890000001,-0.24933974
0.8145233869999999,0.73536605
-0.3820026590000001,-0.34044462
-1.3059137950000004,-1.0917666
-0.9247340850000001,-0.9109819
-0.6852243649999998,-0.48811123
0.2635778999999998,0.3874054
-0.8335926549999999,-0.7636808
-1.014443015,-1.0031947
-0.35180556500000004,-0.2910693
-0.812367429,-0.74836165
0.800365985,0.6705378
1.2298773550000002,0.9500616
-0.638879347,-0.639827
0.8019720850000001,0.67412794
0.3959320300000002,0.3488479
-0.5812562479999999,-0.5343176
-1.222981361,-1.0190789
-0.8612319149999998,-0.77607965
0.9032197089999998,0.82062954
0.008683833000000085,0.006611394
-0.4455704919999999,-0.5459001
0.11235458000000009,0.07741108
-0.4845533849999999,-0.44028223
-0.35180556500000004,-0.29108697
1.7102921650000007,1.5147774
-0.251448425,0.1165643
-1.176215005,-1.5435082
0.698685875,0.7285236
-0.8267302780000001,-0.73235726
0.5427320039999997,0.30662742
0.4909524140000001,0.41957784
-0.23656787999999995,-0.18918628
0.5485606550000002,0.1949521
0.3550580819999998,0.3542027
-0.818570536,-0.43724227
-0.5676225289999999,-0.5106544
-0.9064220809999999,-0.8921112
-0.4732470850000001,-0.4953926
-0.8680319889999999,-0.9136428
0.6931943570000001,0.6630776
-0.7485251690000001,-0.6074177
-0.6541355449999999,-0.8876142
-0.9614485050000001,-1.015564
0.6252901179999999,0.5466416
-0.63390112,0.062969536
-0.943515007,-1.0117557
0.09736110700000022,0.100248806
-0.8147150750000001,-1.1556548
-0.8035329949999999,-0.7571547
0.08910506500000004,-0.7463541
0.2189407539999999,0.14245157
-0.26893879499999995,-0.07188255
-0.48403800100000005,-0.52100277
-0.6961881540000001,-0.56882876
-0.05830651199999992,-0.20509648
-0.25176815900000005,-0.054065093
1.9487673649999997,0.39223713
-0.6389455750000002,-0.60663897
-0.7127434240000001,-0.829757
0.41816305,0.13126273
-1.306172975,-0.64943254
-0.4305786519999999,-0.39778358
0.32842692500000004,-0.17219548
-0.16857642799999994,-0.22583733
-0.4144051580000001,-0.48557836
-0.580868894,-0.5755027
1.02266748,0.8901691
0.06110833300000018,0.0644408
-0.09422793499999993,-0.46868685
-0.034940097,-0.12589128
0.6771238750000002,0.62812316
0.47512708899999967,0.48597378
0.4499239050000001,0.289598
-0.758458957,-0.74778926
-0.558655455,-0.45566976
-0.7461487949999999,-0.7919646
-0.672257783,-0.70822126
-0.39242706799999993,-0.39938495
0.769738212,0.688893
0.3565099460000001,0.3731686
-0.6946839090000001,-0.6646347
-1.2602623949999998,-0.9664345
-0.4903514499999999,-0.5070752
-0.689798465,-0.48844826
-0.43921228,-0.3756871
-0.9728735049999999,-0.7942563
0.8924312509999999,0.9854388
-0.6674115710000001,-0.50598025
-1.042153008,-0.84863716
-0.22931629500000006,0.25202554
-0.2692272550000001,-0.27863806
-0.7992616109999999,-0.8903372
-0.6688451949999998,-0.73716885
-0.469338139,-0.47387597
-0.471690245,-0.30722114
-0.231333362,-0.117971726
0.07382421499999992,-0.45437846
0.4301034050000003,0.28849658
-1.2938492350000002,-0.91634846
0.16034348799999987,0.2320372
-0.47702726000000006,-0.6287902
-0.3679489309999999,-0.3808318
-0.16626278000000005,0.0053218026
-0.569883865,-0.60492647
0.3532007690000003,0.3229542
0.15694207100000002,0.16670892
0.586366682,0.5217297
0.7982632249999997,0.73512065
-0.37115552099999993,-0.30940944
-0.15728220699999995,-0.15372777
0.11755492500000031,0.17266686
0.5943045149999999,0.5397123
0.262299917,0.31968835
-0.48730511500000007,-0.5941735
-0.025305023000000038,0.7191462
-1.033015153,-0.92519695
-0.3011186699999999,-0.25561294
-0.9086985859999999,-0.9005916
0.9261190410000002,0.8152648
-0.848974632,-0.87121165
1.2929889399999999,1.0821193
-0.44099218500000004,-0.104513645
0.3438581490000001,0.21191457
0.0633685100000001,0.08583898
1.2108120219999994,0.9884058
-0.7391056759999999,-0.6212122
1.2497498799999995,1.0227873
0.26034110600000004,0.22243777
0.9519849580000004,0.88559
0.279048932,0.21348193
-0.8588636570000001,-0.95256054
-0.9079144889999997,-0.83997387
-0.775463759,-0.66302437
-1.067875657,-1.0041729
0.4074263910000002,0.36849934
1.055185175,0.6320118
-0.5868456019999999,-0.4858095
-0.5335619029999998,-0.56552696
-0.381685238,-0.31514537
1.1564991889999998,0.7925643
-0.7156204829999999,-0.56118315
-0.098971068,0.05058983
-1.1049913040000003,-1.0686046
0.18242851900000012,0.27130118
-0.4624791020000001,-0.44712096
-0.8310159349999999,-0.7278505
-0.0060271849999999905,-0.053872384
0.55803691,0.5527043
-1.156439732,-1.0875704
-0.596738437,-0.65635663
0.2780301380000001,0.086763404
0.3269376479999999,0.12793812
1.0303862610000003,0.7946358
-0.6397551450000001,-0.6776918
-0.020605140000000022,0.008489764
-0.7613607789999999,-0.90781003
0.002930005000000069,0.14204702
-1.105467075,-1.037838
-0.021205831000000064,-0.3921114
-0.552390975,-0.50684685
-0.4499111149999999,-0.5513328
-0.7051039640000001,-0.70295876
-0.4110567970000001,-0.3308413
-0.28742786100000006,-0.33462664
0.3256716930000001,0.2983184
0.30131328600000007,0.3517698
-0.035908821999999896,-0.108760044
-0.8646380489999994,-0.8121664
-0.2997045489999999,-0.37697574
-0.5746485080000001,-0.3349438
1.7122747250000008,-0.91813105
-0.8185210119999999,-0.84916407
0.2076147650000002,0.33806872
0.09692736199999996,-0.10444412
-0.5891612909999999,-0.67514676
0.008494033000000067,0.0083392365
0.13861723799999992,-0.14615151
-1.004488099,-0.94448227
-0.17468715199999996,-0.23242292
-0.04693995500000003,-0.05860191
0.30132267400000035,0.62822926
1.0594589039999995,0.83275735
-0.6298857120000001,-0.7960393
-0.1740272759999999,-0.17850436
-0.699540324,-0.63922834
-0.30948010300000006,-0.21188821
-0.290043692,-0.24860227
-0.5496653280000003,-0.5782872
-0.25296683200000003,-0.24955721
-1.1549187549999997,-1.1049047
0.9973015720000002,0.92733985
1.4335771549999996,-0.3200375
-0.2819521140000001,-0.31787613
-0.13240066699999997,-0.4389276
-0.47613908000000005,-0.5891721
0.11045126500000024,-0.13607198
-0.7775393070000001,-0.78196055
0.779358524,0.7948423
-1.0910330149999998,-1.0825537
-0.847676745,-0.9155144
-0.372628881,-0.35707214
-1.2635298610000003,-1.0105836
0.6804821510000003,0.6338538
-1.3831268100000003,-1.257021
0.6511685119999997,0.47044516
-0.765879075,-0.76240057
0.09580311899999994,0.035388727
0.39907463500000007,0.54369825
-0.8930452369999997,-0.8947609
-0.4645771000000001,-0.591832
-0.14866872500000006,-0.45908353
-0.748946946,-0.6845827
-0.127632003,-0.05020706
-0.0903181449999999,0.046070207
0.01993084199999995,0.030723307
-1.002887797,-1.004471
-0.882561779,-0.9757568
-0.8216314089999999,-0.7753615
-1.342073295,-1.6032426
-0.741849808,-0.7604544
-0.7644547130000001,-0.73368543
0.15216619499999973,0.1321362
0.9978786330000002,0.9868877
-0.783710849,-0.9603517
-0.47530695600000006,-0.50278795
-0.3876823549999999,-0.26357952
0.21940606800000007,0.19580598
1.6235741350000001,1.8036419
0.8437609309999998,0.763342
-0.33172949099999993,-0.28852874
-0.021718085999999914,-0.03856581
-0.687573846,-0.6483397
0.07382420499999998,-0.4543733
-0.28309744199999987,-0.3036439
-0.9996599829999999,-0.98155105
-0.346936165,-0.40308583
-0.5425994840000001,-0.34194472
-0.08182163500000006,-0.67862827
-0.563432792,-0.55275035
0.7528766779999998,0.73657906
0.5224845120000001,0.5893267
-0.40813483900000014,-0.558782
0.0188538159999998,-0.19990653
0.1324427050000001,-0.048749235
0.9927076850000001,0.93666655
-1.436138738,-1.0322952
-1.1196625940000007,-1.0204066
-0.5756862140000001,-0.5421057
0.4735695099999999,0.35591576
-0.23706370499999996,-0.39611405
-0.34335160899999995,-0.45270133
0.1280676569999999,0.070617974
-0.823455796,-0.8258433
-0.9740784649999998,-1.0204695
0.043779294999999996,-0.4939453
-0.7349721950000001,-0.7179993
-0.6283036449999999,-0.68698376
0.715312835,0.52271485
0.10266310899999986,-0.019363506
-1.3805581850000004,-0.7025708
-0.05457134200000002,-0.21073656
-0.08683397500000001,-0.07844423
-1.0907369249999999,-1.0826215
-0.663808784,-0.7787373
0.06122607499999977,-0.17013891
-1.03427368,-1.0075066
-0.27170117800000004,-0.20546994
-0.748841093,-0.90165824
-1.104271345,-1.0378441
-0.8770520180000003,-0.9090335
-0.4424214550000001,-0.49602693
-0.21033528999999995,-0.21215676
0.372900451,0.6045829
-0.12311804199999998,-0.31027028
-0.6648305149999998,-0.68275553
-0.7497013749999999,-0.73507357
0.06298605400000024,0.06879504
-0.10021721399999994,-0.093508065
-0.7630687649999996,-0.71470094
0.242999427,0.2537473
-0.20869838900000004,-0.17325862
-1.109696017,-0.9860345
-1.035736156,-0.9838076
-0.18997382699999998,-0.20211856
0.8066337190000001,0.69827265
0.74318167,0.7017183
-0.938827166,-0.92589337
-0.10444667900000004,-0.10632436
0.2859470179999999,0.2375814
-0.7267867450000001,-0.7427208
-0.012808807000000089,0.09267464
-0.7180470589999999,-0.72233236
-0.050885968000000004,0.096804775
0.6043411619999994,0.35526928
-0.1515253729999999,-0.17089045
-1.0446467949999998,-1.0018028
-0.800799598,-0.7649051
-1.277242465,-0.9930712
-0.3612215970000001,-0.22677185
-0.404833282,-0.35911268
-0.44069081100000007,-0.30489743
0.6904514499999999,0.7250505
1.6563666050000005,0.9397734
-1.4365818079999997,-1.3778498
-0.306614336,-0.250257
0.3897262020000001,0.30793408
0.7478529119999999,0.57697695
-0.424988296,-0.3928058
0.20873240299999996,0.08866821
0.7193556540000001,0.7161771
-0.27630997,-0.24576254
0.13944092699999966,-0.32971647
-0.6691883380000001,-0.71430564
-0.860053339,-0.80458796
-1.0497430789999993,-1.0179971
-1.0158447700000002,-1.0227112
0.5688183330000001,0.37931374
-1.0611154049999998,-1.103282
-0.808648005,-0.77543175
0.8472125590000001,0.8567515
1.1433837100000002,0.990608
-1.175825175,-1.1025144
-0.007006386999999892,-0.08966825
0.4700225060000003,0.4640186
-0.389360073,-0.32580575
-0.4810774950000001,-0.5104125
-0.2859435349999999,-0.19567527
0.6606458689999999,0.54031503
1.1071496549999997,0.95425916
1.4808341350000003,0.6065185
0.276199356,0.033282757
0.6564539549999999,0.54773957
0.571421918,0.501326
-0.9043865339999999,-0.890657
0.688106509,0.6587371
-0.2205851379999999,-0.27873573
-0.44497156999999987,-0.3308226
-0.224009146,-0.21935111
1.257132737,1.1195425
1.7126017250000003,-0.91816515
-0.24946444299999992,-0.35179347
-0.42071370899999994,-0.37556216
0.40995092700000013,0.28459668
-0.8503889249999999,-0.9154754
-0.338192195,-0.2978695
-1.754055375,-1.0962054
0.23717986400000002,0.21978216
-0.267419195,-0.33056977
1.3386444369999997,1.12603
-0.015134972000000024,-0.1034932
